snapshot_id,date,store_id,product_id,opening_stock,received_units,wastage_units,sold_units,closing_stock,demand_units,replenishment_failed,average_demand,demand_std,sold_units_period,average_stock,historical_stockout_rate,replenishment_failures,recent_demand,sku,product,category_id,supplier_id,brand_tier,pack_size,price_inr,unit_cost_inr,shelf_days,supplier,lead_days,demand_trend,planning_demand,safety_stock,reorder_point,target_stock,reorder_quantity,days_of_inventory,inventory_turnover,inventory_value_inr,excess_units,excess_inventory_inr,expected_overstock_risk,health,velocity,slow_moving_value_inr,dead_stock_value_inr,inventory_at_risk_inr,risk_score,risk_level,expected_stockout_date,revenue_at_risk_inr,margin_at_risk_inr,risk_drivers
38080,2026-04-30,0,0,346,139,0,134,351,134,1,155.85714285714286,27.01126553141236,4064,245.14285714285714,0.10714285714285714,10,156.0,SC-0000,Vegetable box 1,0,0,0,1,35.0,24.5,5,Harvest Circle,1,0.1428571428571388,156.0,45.0,201.0,1293.0,0,2.2520623281393215,16.57808857808858,8599.5,0.0,0.0,False,Healthy Stock,Fast Moving,0.0,0.0,0.0,0.0,LOW,2026-05-02,0.0,0.0,Stock 351; daily planning demand 156.00; lead 1 days; safety 45; failed replenishments 10
38081,2026-04-30,0,1,269,63,0,124,208,124,0,104.25,20.476951813088675,2880,179.60714285714286,0.03571428571428571,9,112.0,SC-0001,Breakfast pack 1,1,1,2,3,306.0,250.92,10,Morning Mill,2,7.75,112.0,48.0,272.0,1056.0,848,1.9952038369304557,16.034997017299663,52191.36,0.0,0.0,False,Low Stock,Fast Moving,0.0,0.0,0.0,23.5,LOW,2026-05-01,4896.0,881.2800000000002,Stock 208; daily planning demand 112.00; lead 2 days; safety 48; failed replenishments 9
38082,2026-04-30,0,2,196,0,0,85,111,85,1,81.85714285714286,17.31348069443617,2297,124.28571428571429,0.0,7,72.71428571428571,SC-0002,Pantry pack 1,2,2,1,3,446.0,289.9,120,Grain Yard,3,-9.142857142857153,81.85714285714286,50.0,296.0,869.0,758,1.356020942408377,18.4816091954023,32178.899999999998,0.0,0.0,False,Low Stock,Fast Moving,0.0,0.0,0.0,62.4,HIGH,2026-05-01,60018.857142857145,21006.600000000006,Stock 111; daily planning demand 81.86; lead 3 days; safety 50; failed replenishments 7
38083,2026-04-30,0,3,18,166,0,66,118,66,1,67.17857142857143,13.893919723785844,1886,79.32142857142857,0.03571428571428571,4,67.14285714285714,SC-0003,Home care pack 1,3,3,1,2,405.0,230.85,365,Everyday Works,5,-0.035714285714291805,67.17857142857143,52.0,388.0,859.0,741,1.7565124933545986,23.776677172444845,27240.3,0.0,0.0,False,Low Stock,Fast Moving,0.0,0.0,0.0,69.6,HIGH,2026-05-01,88246.60714285716,37946.041071428575,Stock 118; daily planning demand 67.18; lead 5 days; safety 52; failed replenishments 4
38084,2026-04-30,0,4,74,102,0,58,118,58,0,53.464285714285715,12.39917005244375,1600,97.85714285714286,0.07142857142857142,8,54.142857142857146,SC-0004,Vegetable box 2,0,0,1,1,47.0,32.9,5,Harvest Circle,1,0.6785714285714306,54.142857142857146,21.0,76.0,455.0,0,2.2070808283233134,16.350364963503647,3882.2,0.0,0.0,False,Healthy Stock,Fast Moving,0.0,0.0,0.0,0.0,LOW,2026-05-02,0.0,0.0,Stock 118; daily planning demand 54.14; lead 1 days; safety 21; failed replenishments 8
38085,2026-04-30,0,5,104,48,0,36,116,36,1,45.142857142857146,10.606477006874359,1271,84.42857142857143,0.03571428571428571,8,47.142857142857146,SC-0005,Breakfast pack 2,1,1,2,3,306.0,250.92,10,Morning Mill,2,2.0,47.142857142857146,25.0,120.0,450.0,334,2.569620253164557,15.054145516074449,29106.719999999998,0.0,0.0,False,Low Stock,Fast Moving,0.0,0.0,0.0,2.8,LOW,2026-05-02,0.0,0.0,Stock 116; daily planning demand 47.14; lead 2 days; safety 25; failed replenishments 8
38086,2026-04-30,0,6,87,25,0,29,83,29,0,40.357142857142854,10.096623145477846,1072,60.857142857142854,0.10714285714285714,8,40.42857142857143,SC-0006,Pantry pack 2,2,2,0,2,220.0,143.0,120,Grain Yard,3,0.0714285714285765,40.42857142857143,29.0,151.0,434.0,351,2.056637168141593,17.615023474178404,11869.0,0.0,0.0,False,Low Stock,Fast Moving,0.0,0.0,0.0,44.8,MEDIUM,2026-05-02,8422.857142857145,2948.0000000000005,Stock 83; daily planning demand 40.43; lead 3 days; safety 29; failed replenishments 8
38087,2026-04-30,0,7,60,42,0,23,79,23,0,33.714285714285715,8.091408991696035,915,50.142857142857146,0.07142857142857142,8,32.285714285714285,SC-0007,Home care pack 2,3,3,2,3,765.0,436.05,365,Everyday Works,5,-1.4285714285714306,33.714285714285715,30.0,199.0,435.0,356,2.3432203389830506,18.247863247863247,34447.950000000004,0.0,0.0,False,Low Stock,Fast Moving,0.0,0.0,0.0,60.2,HIGH,2026-05-02,68522.14285714287,29464.521428571432,Stock 79; daily planning demand 33.71; lead 5 days; safety 30; failed replenishments 8
38088,2026-04-30,0,8,44,0,0,36,8,36,1,33.57142857142857,7.9973540597920225,947,58.964285714285715,0.0,9,35.57142857142857,SC-0008,Vegetable box 3,0,0,0,3,105.0,73.5,5,Harvest Circle,1,2.0,35.57142857142857,14.0,50.0,299.0,291,0.23829787234042554,16.060569351907933,588.0,0.0,0.0,False,Low Stock,Fast Moving,0.0,0.0,0.0,83.9,CRITICAL,2026-04-30,2895.0,868.4999999999999,Stock 8; daily planning demand 35.57; lead 1 days; safety 14; failed replenishments 9
38089,2026-04-30,0,9,27,0,0,27,0,27,0,27.678571428571427,7.242127636158639,746,47.57142857142857,0.10714285714285714,10,28.714285714285715,SC-0009,Breakfast pack 3,1,1,0,3,180.0,147.6,10,Morning Mill,2,1.0357142857142883,28.714285714285715,17.0,75.0,276.0,276,0.0,15.681681681681683,0.0,0.0,0.0,False,Critical Stock,Fast Moving,0.0,0.0,0.0,100.0,CRITICAL,2026-04-30,10337.142857142857,1860.6857142857148,Stock 0; daily planning demand 28.71; lead 2 days; safety 17; failed replenishments 10
38090,2026-04-30,0,10,29,0,0,24,5,24,0,28.214285714285715,8.130223188850913,788,35.857142857142854,0.03571428571428571,3,29.857142857142858,SC-0010,Pantry pack 3,2,2,1,3,446.0,289.9,120,Grain Yard,3,1.6428571428571423,29.857142857142858,24.0,114.0,323.0,318,0.17721518987341772,21.976095617529882,1449.5,0.0,0.0,False,Low Stock,Fast Moving,0.0,0.0,0.0,95.6,CRITICAL,2026-04-30,37718.857142857145,13201.600000000002,Stock 5; daily planning demand 29.86; lead 3 days; safety 24; failed replenishments 3
38091,2026-04-30,0,11,0,75,0,24,51,24,1,24.071428571428573,6.830913237728589,622,31.785714285714285,0.17857142857142858,11,23.0,SC-0011,Home care pack 3,3,3,2,1,255.0,145.35,365,Everyday Works,5,-1.071428571428573,24.071428571428573,26.0,147.0,315.0,264,2.118694362017804,19.568539325842696,7412.849999999999,0.0,0.0,False,Low Stock,Fast Moving,0.0,0.0,0.0,65.2,HIGH,2026-05-02,17686.07142857143,7605.010714285715,Stock 51; daily planning demand 24.07; lead 5 days; safety 26; failed replenishments 11
38092,2026-04-30,0,12,17,0,0,17,0,24,0,23.678571428571427,6.006500006496489,656,40.392857142857146,0.03571428571428571,6,25.857142857142858,SC-0012,Vegetable box 4,0,0,2,2,119.0,83.3,5,Harvest Circle,1,2.1785714285714306,25.857142857142858,10.0,36.0,217.0,217,0.0,16.24049513704686,0.0,0.0,0.0,False,Critical Stock,Fast Moving,0.0,0.0,0.0,100.0,CRITICAL,2026-04-30,3077.0,923.1000000000001,Stock 0; daily planning demand 25.86; lead 1 days; safety 10; failed replenishments 6
38093,2026-04-30,0,13,28,0,0,15,13,15,0,19.25,5.948077809648226,561,31.071428571428573,0.0,11,17.857142857142858,SC-0013,Breakfast pack 4,1,1,2,2,204.0,167.28,10,Morning Mill,2,-1.3928571428571423,19.25,14.0,53.0,188.0,175,0.6753246753246753,18.055172413793102,2174.64,0.0,0.0,False,Low Stock,Fast Moving,0.0,0.0,0.0,75.2,CRITICAL,2026-04-30,5202.0,936.36,Stock 13; daily planning demand 19.25; lead 2 days; safety 14; failed replenishments 11
38094,2026-04-30,0,14,46,15,0,26,35,26,0,17.964285714285715,4.985030501464268,439,35.892857142857146,0.17857142857142858,7,19.142857142857142,SC-0014,Pantry pack 4,2,2,2,2,374.0,243.1,120,Grain Yard,3,1.178571428571427,19.142857142857142,15.0,73.0,207.0,172,1.9483101391650097,12.230845771144278,8508.5,0.0,0.0,False,Low Stock,Fast Moving,0.0,0.0,0.0,51.7,HIGH,2026-05-01,8388.285714285716,2935.9000000000005,Stock 35; daily planning demand 19.14; lead 3 days; safety 15; failed replenishments 7
38095,2026-04-30,0,15,43,0,0,24,19,24,1,17.321428571428573,5.6045852354456756,476,20.535714285714285,0.14285714285714285,10,18.428571428571427,SC-0015,Home care pack 4,3,3,2,1,255.0,145.35,365,Everyday Works,5,1.107142857142854,18.428571428571427,21.0,114.0,243.0,224,1.0969072164948452,23.17913043478261,2761.65,0.0,0.0,False,Low Stock,Fast Moving,0.0,0.0,0.0,83.2,CRITICAL,2026-05-01,18651.42857142857,8020.114285714286,Stock 19; daily planning demand 18.43; lead 5 days; safety 21; failed replenishments 10
38096,2026-04-30,0,16,0,0,0,0,0,12,1,17.535714285714285,5.83401356578079,475,27.785714285714285,0.07142857142857142,10,20.428571428571427,SC-0016,Vegetable box 5,0,0,1,2,94.0,65.8,5,Harvest Circle,1,2.8928571428571423,20.428571428571427,10.0,31.0,174.0,174,0.0,17.095115681233935,0.0,0.0,0.0,False,Critical Stock,Fast Moving,0.0,0.0,0.0,100.0,CRITICAL,2026-04-30,1920.2857142857142,576.0857142857143,Stock 0; daily planning demand 20.43; lead 1 days; safety 10; failed replenishments 10
38097,2026-04-30,0,17,31,13,0,15,29,15,0,17.107142857142858,5.144859251678001,455,24.964285714285715,0.07142857142857142,7,13.714285714285714,SC-0017,Breakfast pack 5,1,1,0,1,60.0,49.2,10,Morning Mill,2,-3.392857142857144,17.107142857142858,13.0,48.0,167.0,138,1.6951983298538622,18.226037195994277,1426.8000000000002,0.0,0.0,False,Low Stock,Fast Moving,0.0,0.0,0.0,38.6,MEDIUM,2026-05-01,312.8571428571429,56.31428571428571,Stock 29; daily planning demand 17.11; lead 2 days; safety 13; failed replenishments 7
38098,2026-04-30,0,18,38,4,0,16,26,16,0,15.0,4.521553322083512,397,19.071428571428573,0.17857142857142858,11,15.571428571428571,SC-0018,Pantry pack 5,2,2,2,3,561.0,364.65,120,Grain Yard,3,0.5714285714285712,15.571428571428571,13.0,60.0,169.0,143,1.7333333333333334,20.816479400749063,9480.9,0.0,0.0,False,Low Stock,Fast Moving,0.0,0.0,0.0,56.5,HIGH,2026-05-01,11620.714285714286,4067.2500000000005,Stock 26; daily planning demand 15.57; lead 3 days; safety 13; failed replenishments 11
38099,2026-04-30,0,19,22,0,0,11,11,11,0,13.892857142857142,5.390933992562821,372,16.678571428571427,0.14285714285714285,9,13.428571428571429,SC-0019,Home care pack 5,3,3,1,3,608.0,346.56,365,Everyday Works,5,-0.4642857142857135,13.892857142857142,20.0,90.0,187.0,176,0.7917737789203085,22.30406852248394,3812.16,0.0,0.0,False,Low Stock,Fast Moving,0.0,0.0,0.0,87.7,CRITICAL,2026-04-30,35546.28571428571,15284.902857142855,Stock 11; daily planning demand 13.89; lead 5 days; safety 20; failed replenishments 9
38100,2026-04-30,0,20,22,0,0,22,0,15,0,13.357142857142858,4.9005992506909815,385,25.892857142857142,0.03571428571428571,8,12.142857142857142,SC-0020,Vegetable box 6,0,0,1,3,142.0,99.4,5,Harvest Circle,1,-1.2142857142857153,13.357142857142858,9.0,23.0,116.0,116,0.0,14.86896551724138,0.0,0.0,0.0,False,Critical Stock,Fast Moving,0.0,0.0,0.0,100.0,CRITICAL,2026-04-30,1896.7142857142858,569.0142857142856,Stock 0; daily planning demand 13.36; lead 1 days; safety 9; failed replenishments 8
38101,2026-04-30,0,21,36,2,0,17,21,17,1,13.714285714285714,3.98940395489651,378,18.428571428571427,0.07142857142857142,6,14.142857142857142,SC-0021,Breakfast pack 6,1,1,1,3,243.0,199.26,10,Morning Mill,2,0.4285714285714288,14.142857142857142,10.0,39.0,138.0,117,1.53125,20.511627906976745,4184.46,0.0,0.0,False,Low Stock,Fast Moving,0.0,0.0,0.0,45.1,MEDIUM,2026-05-01,1770.428571428571,318.6771428571429,Stock 21; daily planning demand 14.14; lead 2 days; safety 10; failed replenishments 6
38102,2026-04-30,0,22,31,11,0,9,33,9,0,10.785714285714286,4.357684934620444,311,21.464285714285715,0.07142857142857142,9,9.0,SC-0022,Pantry pack 6,2,2,0,2,220.0,143.0,120,Grain Yard,3,-1.7857142857142865,10.785714285714286,13.0,46.0,121.0,88,3.059602649006622,14.4891846921797,4719.0,0.0,0.0,False,Low Stock,Fast Moving,0.0,0.0,0.0,27.2,MEDIUM,2026-05-03,0.0,0.0,Stock 33; daily planning demand 10.79; lead 3 days; safety 13; failed replenishments 9
38103,2026-04-30,0,23,30,12,0,10,32,10,0,12.428571428571429,4.383712036269173,315,11.964285714285714,0.25,8,10.285714285714286,SC-0023,Home care pack 6,3,3,2,3,765.0,436.05,365,Everyday Works,5,-2.1428571428571423,12.428571428571429,17.0,80.0,167.0,135,2.574712643678161,26.328358208955226,13953.6,0.0,0.0,False,Low Stock,Fast Moving,0.0,0.0,0.0,59.6,HIGH,2026-05-02,23059.285714285717,9915.492857142857,Stock 32; daily planning demand 12.43; lead 5 days; safety 17; failed replenishments 8
38104,2026-04-30,0,24,26,9,0,6,29,6,0,9.928571428571429,4.008588662956461,278,22.857142857142858,0.0,6,9.714285714285714,SC-0024,Vegetable box 7,0,0,2,2,119.0,83.3,5,Harvest Circle,1,-0.2142857142857153,9.928571428571429,7.0,17.0,87.0,0,2.920863309352518,12.1625,2415.7,0.0,0.0,False,Healthy Stock,Fast Moving,0.0,0.0,0.0,0.0,LOW,2026-05-02,0.0,0.0,Stock 29; daily planning demand 9.93; lead 1 days; safety 7; failed replenishments 6
38105,2026-04-30,0,25,27,13,0,8,32,8,0,10.25,4.477309046324176,272,15.892857142857142,0.17857142857142858,9,7.714285714285714,SC-0025,Breakfast pack 7,1,1,1,1,81.0,66.42,10,Morning Mill,2,-2.5357142857142856,10.25,11.0,32.0,104.0,72,3.1219512195121952,17.114606741573034,2125.44,0.0,0.0,False,Healthy Stock,Fast Moving,0.0,0.0,0.0,0.0,LOW,2026-05-03,0.0,0.0,Stock 32; daily planning demand 10.25; lead 2 days; safety 11; failed replenishments 9
38106,2026-04-30,0,26,5,0,0,5,0,13,0,11.392857142857142,4.357533159724116,273,13.107142857142858,0.25,8,12.285714285714286,SC-0026,Pantry pack 7,2,2,1,3,446.0,289.9,120,Grain Yard,3,0.8928571428571441,12.285714285714286,13.0,50.0,136.0,136,0.0,20.8283378746594,0.0,0.0,0.0,False,Critical Stock,Fast Moving,0.0,0.0,0.0,100.0,CRITICAL,2026-04-30,16438.285714285717,5753.4000000000015,Stock 0; daily planning demand 12.29; lead 3 days; safety 13; failed replenishments 8
38107,2026-04-30,0,27,11,16,0,18,9,18,1,9.857142857142858,3.4823819616728033,250,12.964285714285714,0.25,9,11.0,SC-0027,Home care pack 7,3,3,2,2,510.0,290.7,365,Everyday Works,5,1.1428571428571423,11.0,13.0,68.0,145.0,136,0.9130434782608695,19.28374655647383,2616.2999999999997,0.0,0.0,False,Low Stock,Fast Moving,0.0,0.0,0.0,86.8,CRITICAL,2026-04-30,23460.0,10087.800000000001,Stock 9; daily planning demand 11.00; lead 5 days; safety 13; failed replenishments 9
38108,2026-04-30,0,28,24,0,0,16,8,16,0,9.607142857142858,4.297624543812165,265,15.928571428571429,0.03571428571428571,11,11.285714285714286,SC-0028,Vegetable box 8,0,0,1,1,47.0,32.9,5,Harvest Circle,1,1.6785714285714288,11.285714285714286,8.0,20.0,99.0,91,0.83271375464684,16.63677130044843,263.2,0.0,0.0,False,Low Stock,Fast Moving,0.0,0.0,0.0,58.5,HIGH,2026-04-30,154.42857142857147,46.32857142857144,Stock 8; daily planning demand 11.29; lead 1 days; safety 8; failed replenishments 11
38109,2026-04-30,0,29,32,0,0,2,30,2,1,9.392857142857142,3.9659596542118254,222,12.714285714285714,0.17857142857142858,12,9.0,SC-0029,Breakfast pack 8,1,1,1,2,162.0,132.84,10,Morning Mill,2,-0.39285714285714235,9.392857142857142,10.0,29.0,95.0,0,3.193916349809886,17.460674157303373,3985.2000000000003,0.0,0.0,False,Healthy Stock,Fast Moving,0.0,0.0,0.0,0.0,LOW,2026-05-03,0.0,0.0,Stock 30; daily planning demand 9.39; lead 2 days; safety 10; failed replenishments 12
38110,2026-04-30,0,30,18,4,0,15,7,12,0,8.857142857142858,3.9507550681440136,255,11.142857142857142,0.17857142857142858,8,11.428571428571429,SC-0030,Pantry pack 8,2,2,1,3,446.0,289.9,120,Grain Yard,3,2.571428571428571,11.428571428571429,12.0,47.0,127.0,120,0.7903225806451613,22.884615384615387,2029.2999999999997,0.0,0.0,False,Low Stock,Fast Moving,0.0,0.0,0.0,84.9,CRITICAL,2026-04-30,12169.42857142857,4259.3,Stock 7; daily planning demand 11.43; lead 3 days; safety 12; failed replenishments 8
38111,2026-04-30,0,31,23,5,0,9,19,9,0,8.964285714285714,4.3331807054927935,208,11.857142857142858,0.21428571428571427,9,8.857142857142858,SC-0031,Home care pack 8,3,3,0,1,150.0,85.5,365,Everyday Works,5,-0.10714285714285587,8.964285714285714,16.0,61.0,124.0,105,2.119521912350598,17.542168674698793,1624.5,0.0,0.0,False,Low Stock,Fast Moving,0.0,0.0,0.0,68.8,HIGH,2026-05-02,3873.2142857142853,1665.4821428571427,Stock 19; daily planning demand 8.96; lead 5 days; safety 16; failed replenishments 9
38112,2026-04-30,0,32,22,0,0,7,15,7,0,8.357142857142858,4.22702316858151,208,13.428571428571429,0.10714285714285714,11,8.428571428571429,SC-0032,Vegetable box 9,0,0,0,2,70.0,49.0,5,Harvest Circle,1,0.07142857142857117,8.428571428571429,7.0,16.0,75.0,60,1.7948717948717947,15.48936170212766,735.0,0.0,0.0,False,Low Stock,Fast Moving,0.0,0.0,0.0,2.8,LOW,2026-05-01,0.0,0.0,Stock 15; daily planning demand 8.43; lead 1 days; safety 7; failed replenishments 11
38113,2026-04-30,0,33,19,8,0,6,21,6,0,7.214285714285714,3.5627407558116957,203,14.214285714285714,0.07142857142857142,7,6.714285714285714,SC-0033,Breakfast pack 9,1,1,1,1,81.0,66.42,10,Morning Mill,2,-0.5,7.214285714285714,9.0,24.0,74.0,53,2.910891089108911,14.28140703517588,1394.82,0.0,0.0,False,Low Stock,Fast Moving,0.0,0.0,0.0,10.4,LOW,2026-05-02,0.0,0.0,Stock 21; daily planning demand 7.21; lead 2 days; safety 9; failed replenishments 7
38114,2026-04-30,0,34,12,18,0,7,23,7,0,7.464285714285714,3.73652782829731,202,11.642857142857142,0.17857142857142858,9,6.285714285714286,SC-0034,Pantry pack 9,2,2,2,3,561.0,364.65,120,Grain Yard,3,-1.1785714285714288,7.464285714285714,11.0,34.0,86.0,63,3.0813397129186604,17.349693251533743,8386.949999999999,0.0,0.0,False,Low Stock,Fast Moving,0.0,0.0,0.0,31.1,MEDIUM,2026-05-03,0.0,0.0,Stock 23; daily planning demand 7.46; lead 3 days; safety 11; failed replenishments 9
38115,2026-04-30,0,35,13,14,0,4,23,4,0,6.428571428571429,3.0237157840738176,184,10.928571428571429,0.10714285714285714,8,5.571428571428571,SC-0035,Home care pack 9,3,3,0,2,300.0,171.0,365,Everyday Works,5,-0.8571428571428577,6.428571428571429,12.0,45.0,90.0,67,3.5777777777777775,16.836601307189543,3933.0,0.0,0.0,False,Low Stock,Fast Moving,0.0,0.0,0.0,47.9,MEDIUM,2026-05-03,2742.8571428571436,1179.4285714285718,Stock 23; daily planning demand 6.43; lead 5 days; safety 12; failed replenishments 8
38116,2026-04-30,0,36,19,4,0,5,18,5,0,7.357142857142857,4.075348526011684,209,13.642857142857142,0.03571428571428571,9,6.142857142857143,SC-0036,Vegetable box 10,0,0,2,1,60.0,42.0,5,Harvest Circle,1,-1.2142857142857135,7.357142857142857,7.0,15.0,66.0,0,2.446601941747573,15.319371727748692,756.0,0.0,0.0,False,Healthy Stock,Fast Moving,0.0,0.0,0.0,0.0,LOW,2026-05-02,0.0,0.0,Stock 18; daily planning demand 7.36; lead 1 days; safety 7; failed replenishments 9
38117,2026-04-30,0,37,8,0,0,3,5,3,1,7.071428571428571,3.2424107564014024,184,10.785714285714286,0.14285714285714285,8,8.142857142857142,SC-0037,Breakfast pack 10,1,1,2,1,102.0,83.64,10,Morning Mill,2,1.0714285714285712,8.142857142857142,8.0,25.0,82.0,77,0.7070707070707071,17.05960264900662,418.2,0.0,0.0,False,Low Stock,Fast Moving,0.0,0.0,0.0,79.4,CRITICAL,2026-04-30,1151.142857142857,207.20571428571427,Stock 5; daily planning demand 8.14; lead 2 days; safety 8; failed replenishments 8
38118,2026-04-30,0,38,14,0,0,1,13,1,0,6.428571428571429,3.1672931711077887,174,10.071428571428571,0.07142857142857142,9,6.714285714285714,SC-0038,Pantry pack 10,2,2,0,2,220.0,143.0,120,Grain Yard,3,0.2857142857142856,6.714285714285714,10.0,31.0,78.0,65,2.022222222222222,17.27659574468085,1859.0,0.0,0.0,False,Low Stock,Fast Moving,0.0,0.0,0.0,56.9,HIGH,2026-05-01,1571.4285714285713,550.0,Stock 13; daily planning demand 6.71; lead 3 days; safety 10; failed replenishments 9
38119,2026-04-30,0,39,17,8,0,8,17,8,1,6.392857142857143,3.2356725297187783,157,9.285714285714286,0.14285714285714285,11,4.571428571428571,SC-0039,Home care pack 10,3,3,1,3,608.0,346.56,365,Everyday Works,5,-1.821428571428572,6.392857142857143,12.0,44.0,89.0,72,2.6592178770949717,16.907692307692308,5891.52,0.0,0.0,False,Low Stock,Fast Moving,0.0,0.0,0.0,61.3,HIGH,2026-05-02,9098.285714285716,3912.2628571428572,Stock 17; daily planning demand 6.39; lead 5 days; safety 12; failed replenishments 11
38120,2026-04-30,1,0,362,123,0,170,315,170,1,150.5,21.100289624131285,4214,295.64285714285717,0.0,7,155.71428571428572,SC-0000,Vegetable box 1,0,0,0,1,35.0,24.5,5,Harvest Circle,1,5.214285714285722,155.71428571428572,35.0,191.0,1281.0,0,2.0930232558139537,14.25368446484658,7717.5,0.0,0.0,False,Healthy Stock,Fast Moving,0.0,0.0,0.0,0.0,LOW,2026-05-02,0.0,0.0,Stock 315; daily planning demand 155.71; lead 1 days; safety 35; failed replenishments 7
38121,2026-04-30,1,1,236,101,0,97,240,97,0,107.42857142857143,20.803184534404508,2935,181.60714285714286,0.07142857142857142,7,113.71428571428571,SC-0001,Breakfast pack 1,1,1,2,3,306.0,250.92,10,Morning Mill,2,6.285714285714278,113.71428571428571,49.0,277.0,1073.0,833,2.234042553191489,16.161258603736478,60220.799999999996,0.0,0.0,False,Low Stock,Fast Moving,0.0,0.0,0.0,13.2,LOW,2026-05-02,0.0,0.0,Stock 240; daily planning demand 113.71; lead 2 days; safety 49; failed replenishments 7
38122,2026-04-30,1,2,181,83,0,66,198,66,1,81.53571428571429,14.629959476557488,2057,124.75,0.10714285714285714,8,76.28571428571429,SC-0002,Pantry pack 1,2,2,1,3,446.0,289.9,120,Grain Yard,3,-5.25,81.53571428571429,42.0,287.0,858.0,660,2.4283837056504596,16.488977955911825,57400.2,0.0,0.0,False,Low Stock,Fast Moving,0.0,0.0,0.0,30.9,MEDIUM,2026-05-02,20786.78571428573,7275.375000000006,Stock 198; daily planning demand 81.54; lead 3 days; safety 42; failed replenishments 8
38123,2026-04-30,1,3,92,88,0,63,117,63,0,64.35714285714286,14.205409208947513,1799,83.14285714285714,0.03571428571428571,6,62.285714285714285,SC-0003,Home care pack 1,3,3,1,2,405.0,230.85,365,Everyday Works,5,-2.0714285714285765,64.35714285714286,53.0,375.0,826.0,709,1.8179800221975582,21.63745704467354,27009.45,0.0,0.0,False,Low Stock,Fast Moving,0.0,0.0,0.0,68.8,HIGH,2026-05-01,82938.2142857143,35663.43214285715,Stock 117; daily planning demand 64.36; lead 5 days; safety 53; failed replenishments 6
38124,2026-04-30,1,4,122,54,0,40,136,40,0,53.892857142857146,10.640033715187068,1397,104.32142857142857,0.07142857142857142,6,53.142857142857146,SC-0004,Vegetable box 2,0,0,1,1,47.0,32.9,5,Harvest Circle,1,-0.75,53.892857142857146,18.0,72.0,450.0,0,2.5235255135851555,13.391304347826088,4474.4,0.0,0.0,False,Healthy Stock,Fast Moving,0.0,0.0,0.0,0.0,LOW,2026-05-02,0.0,0.0,Stock 136; daily planning demand 53.89; lead 1 days; safety 18; failed replenishments 6
38125,2026-04-30,1,5,92,40,0,32,100,32,0,46.392857142857146,10.439736358648876,1334,76.85714285714286,0.0,6,46.142857142857146,SC-0005,Breakfast pack 2,1,1,2,3,306.0,250.92,10,Morning Mill,2,-0.25,46.392857142857146,25.0,118.0,443.0,343,2.1555042340261736,17.356877323420072,25092.0,0.0,0.0,False,Low Stock,Fast Moving,0.0,0.0,0.0,15.1,LOW,2026-05-02,0.0,0.0,Stock 100; daily planning demand 46.39; lead 2 days; safety 25; failed replenishments 6
38126,2026-04-30,1,6,27,69,0,41,55,41,0,39.714285714285715,8.67886808994994,1095,57.92857142857143,0.14285714285714285,9,41.0,SC-0006,Pantry pack 2,2,2,0,2,220.0,143.0,120,Grain Yard,3,1.2857142857142847,41.0,25.0,148.0,435.0,380,1.3848920863309353,18.902589395807645,7865.0,0.0,0.0,False,Low Stock,Fast Moving,0.0,0.0,0.0,62.8,HIGH,2026-05-01,14960.0,5236.0,Stock 55; daily planning demand 41.00; lead 3 days; safety 25; failed replenishments 9
38127,2026-04-30,1,7,66,0,0,41,25,41,0,34.5,7.838650677536563,954,47.0,0.07142857142857142,8,32.857142857142854,SC-0007,Home care pack 2,3,3,2,3,765.0,436.05,365,Everyday Works,5,-1.642857142857146,34.5,29.0,202.0,443.0,418,0.7246376811594203,20.29787234042553,10901.25,0.0,0.0,False,Low Stock,Fast Moving,0.0,0.0,0.0,87.6,CRITICAL,2026-04-30,112837.5,48520.125,Stock 25; daily planning demand 34.50; lead 5 days; safety 29; failed replenishments 8
38128,2026-04-30,1,8,66,36,0,14,88,14,0,32.035714285714285,9.020479345303531,943,59.714285714285715,0.0,7,29.714285714285715,SC-0008,Vegetable box 3,0,0,0,3,105.0,73.5,5,Harvest Circle,1,-2.3214285714285694,32.035714285714285,15.0,48.0,272.0,0,2.746934225195095,15.791866028708133,6468.0,0.0,0.0,False,Healthy Stock,Fast Moving,0.0,0.0,0.0,0.0,LOW,2026-05-02,0.0,0.0,Stock 88; daily planning demand 32.04; lead 1 days; safety 15; failed replenishments 7
38129,2026-04-30,1,9,78,19,0,26,71,26,0,29.178571428571427,8.940352016553607,817,52.607142857142854,0.0,4,27.857142857142858,SC-0009,Breakfast pack 3,1,1,0,3,180.0,147.6,10,Morning Mill,2,-1.3214285714285694,29.178571428571427,21.0,80.0,284.0,213,2.433292533659731,15.530210454854041,10479.6,0.0,0.0,False,Low Stock,Fast Moving,0.0,0.0,0.0,10.5,LOW,2026-05-02,0.0,0.0,Stock 71; daily planning demand 29.18; lead 2 days; safety 21; failed replenishments 4
38130,2026-04-30,1,10,37,54,0,37,54,37,0,25.142857142857142,7.686998574863083,720,43.464285714285715,0.10714285714285714,5,25.714285714285715,SC-0010,Pantry pack 3,2,2,1,3,446.0,289.9,120,Grain Yard,3,0.571428571428573,25.714285714285715,22.0,100.0,280.0,226,2.147727272727273,16.565324568611338,15654.599999999999,0.0,0.0,False,Low Stock,Fast Moving,0.0,0.0,0.0,45.5,MEDIUM,2026-05-02,10321.714285714284,3612.6,Stock 54; daily planning demand 25.71; lead 3 days; safety 22; failed replenishments 5
38131,2026-04-30,1,11,0,0,0,0,0,15,0,24.5,5.633892148483208,594,30.678571428571427,0.17857142857142858,10,23.428571428571427,SC-0011,Home care pack 3,3,3,2,1,255.0,145.35,365,Everyday Works,5,-1.071428571428573,24.5,21.0,144.0,315.0,315,0.0,19.362048894062866,0.0,0.0,0.0,False,Critical Stock,Fast Moving,0.0,0.0,0.0,100.0,CRITICAL,2026-04-30,31237.5,13432.125,Stock 0; daily planning demand 24.50; lead 5 days; safety 21; failed replenishments 10
38132,2026-04-30,1,12,48,23,0,19,52,19,1,22.571428571428573,6.957162956415237,614,36.75,0.07142857142857142,12,22.0,SC-0012,Vegetable box 4,0,0,2,2,119.0,83.3,5,Harvest Circle,1,-0.571428571428573,22.571428571428573,12.0,35.0,193.0,0,2.3037974683544302,16.707482993197278,4331.599999999999,0.0,0.0,False,Healthy Stock,Fast Moving,0.0,0.0,0.0,0.0,LOW,2026-05-02,0.0,0.0,Stock 52; daily planning demand 22.57; lead 1 days; safety 12; failed replenishments 12
38133,2026-04-30,1,13,51,18,0,19,50,19,0,19.821428571428573,6.158725044998696,555,38.357142857142854,0.0,3,18.857142857142858,SC-0013,Breakfast pack 4,1,1,2,2,204.0,167.28,10,Morning Mill,2,-0.9642857142857153,19.821428571428573,15.0,55.0,194.0,144,2.5225225225225225,14.46927374301676,8364.0,0.0,0.0,False,Low Stock,Fast Moving,0.0,0.0,0.0,8.5,LOW,2026-05-02,0.0,0.0,Stock 50; daily planning demand 19.82; lead 2 days; safety 15; failed replenishments 3
38134,2026-04-30,1,14,34,23,0,25,32,25,0,19.857142857142858,7.471993564684584,563,30.107142857142858,0.0,2,19.714285714285715,SC-0014,Pantry pack 4,2,2,2,2,374.0,243.1,120,Grain Yard,3,-0.14285714285714235,19.857142857142858,22.0,82.0,221.0,189,1.6115107913669064,18.699881376037958,7779.2,0.0,0.0,False,Low Stock,Fast Moving,0.0,0.0,0.0,60.8,HIGH,2026-05-01,10311.714285714284,3609.1,Stock 32; daily planning demand 19.86; lead 3 days; safety 22; failed replenishments 2
38135,2026-04-30,1,15,20,16,0,35,1,26,1,18.321428571428573,5.228508543294311,538,18.464285714285715,0.07142857142857142,5,17.714285714285715,SC-0015,Home care pack 4,3,3,2,1,255.0,145.35,365,Everyday Works,5,-0.6071428571428577,18.321428571428573,20.0,112.0,240.0,239,0.05458089668615984,29.13733075435203,145.35,0.0,0.0,False,Low Stock,Fast Moving,0.0,0.0,0.0,99.1,CRITICAL,2026-04-30,23104.82142857143,9935.073214285716,Stock 1; daily planning demand 18.32; lead 5 days; safety 20; failed replenishments 5
38136,2026-04-30,1,16,35,18,0,9,44,9,0,16.785714285714285,8.43869896439257,453,31.571428571428573,0.03571428571428571,6,14.142857142857142,SC-0016,Vegetable box 5,0,0,1,2,94.0,65.8,5,Harvest Circle,1,-2.6428571428571423,16.785714285714285,14.0,31.0,149.0,0,2.621276595744681,14.348416289592759,2895.2,0.0,0.0,False,Healthy Stock,Fast Moving,0.0,0.0,0.0,0.0,LOW,2026-05-02,0.0,0.0,Stock 44; daily planning demand 16.79; lead 1 days; safety 14; failed replenishments 6
38137,2026-04-30,1,17,41,10,0,14,37,14,0,14.571428571428571,3.9761191895520196,408,28.678571428571427,0.0,8,14.571428571428571,SC-0017,Breakfast pack 5,1,1,0,1,60.0,49.2,10,Morning Mill,2,0.0,14.571428571428571,10.0,40.0,142.0,105,2.5392156862745097,14.2266500622665,1820.4,0.0,0.0,False,Low Stock,Fast Moving,0.0,0.0,0.0,5.5,LOW,2026-05-02,0.0,0.0,Stock 37; daily planning demand 14.57; lead 2 days; safety 10; failed replenishments 8
38138,2026-04-30,1,18,34,0,0,7,27,7,0,15.035714285714286,4.050442525957461,420,21.928571428571427,0.03571428571428571,6,13.857142857142858,SC-0018,Pantry pack 5,2,2,2,3,561.0,364.65,120,Grain Yard,3,-1.1785714285714288,15.035714285714286,12.0,58.0,163.0,136,1.7957244655581948,19.153094462540718,9845.55,0.0,0.0,False,Low Stock,Fast Moving,0.0,0.0,0.0,52.7,HIGH,2026-05-01,10158.107142857145,3555.337500000001,Stock 27; daily planning demand 15.04; lead 3 days; safety 12; failed replenishments 6
38139,2026-04-30,1,19,34,16,0,11,39,11,0,13.892857142857142,5.8836829339899746,369,16.607142857142858,0.10714285714285714,5,13.714285714285714,SC-0019,Home care pack 5,3,3,1,3,608.0,346.56,365,Everyday Works,5,-0.17857142857142883,13.892857142857142,22.0,92.0,189.0,150,2.8071979434447303,22.219354838709677,13515.84,0.0,0.0,False,Low Stock,Fast Moving,0.0,0.0,0.0,57.4,HIGH,2026-05-02,18522.28571428571,7964.582857142856,Stock 39; daily planning demand 13.89; lead 5 days; safety 22; failed replenishments 5
38140,2026-04-30,1,20,31,12,0,3,40,3,0,12.964285714285714,5.1888922878205115,376,27.071428571428573,0.0,5,13.285714285714286,SC-0020,Vegetable box 6,0,0,1,3,142.0,99.4,5,Harvest Circle,1,0.32142857142857295,13.285714285714286,9.0,23.0,116.0,0,3.0853994490358128,13.889182058047492,3976.0,0.0,0.0,False,Healthy Stock,Fast Moving,0.0,0.0,0.0,0.0,LOW,2026-05-03,0.0,0.0,Stock 40; daily planning demand 13.29; lead 1 days; safety 9; failed replenishments 5
38141,2026-04-30,1,21,35,8,0,9,34,9,0,11.321428571428571,4.000496000993908,317,25.714285714285715,0.0,3,9.571428571428571,SC-0021,Breakfast pack 6,1,1,1,3,243.0,199.26,10,Morning Mill,2,-1.75,11.321428571428571,10.0,33.0,112.0,0,3.003154574132492,12.327777777777778,6774.84,0.0,0.0,False,Healthy Stock,Fast Moving,0.0,0.0,0.0,0.0,LOW,2026-05-03,0.0,0.0,Stock 34; daily planning demand 11.32; lead 2 days; safety 10; failed replenishments 3
38142,2026-04-30,1,22,29,0,0,11,18,11,0,12.0,4.784233364802441,325,18.678571428571427,0.03571428571428571,10,13.285714285714286,SC-0022,Pantry pack 6,2,2,0,2,220.0,143.0,120,Grain Yard,3,1.2857142857142865,13.285714285714286,14.0,54.0,147.0,129,1.5,17.39961759082218,2574.0,0.0,0.0,False,Low Stock,Fast Moving,0.0,0.0,0.0,66.6,HIGH,2026-05-01,4808.571428571429,1683.0000000000002,Stock 18; daily planning demand 13.29; lead 3 days; safety 14; failed replenishments 10
38143,2026-04-30,1,23,15,27,0,5,37,5,1,11.0,5.055250296034367,305,16.035714285714285,0.07142857142857142,4,11.285714285714286,SC-0023,Home care pack 6,3,3,2,3,765.0,436.05,365,Everyday Works,5,0.2857142857142865,11.285714285714286,19.0,76.0,155.0,118,3.3636363636363638,19.020044543429844,16133.85,0.0,0.0,False,Low Stock,Fast Moving,0.0,0.0,0.0,50.9,HIGH,2026-05-03,14862.857142857145,6391.028571428572,Stock 37; daily planning demand 11.29; lead 5 days; safety 19; failed replenishments 4
38144,2026-04-30,1,24,29,6,0,9,26,9,0,9.821428571428571,3.6009625403399044,258,20.464285714285715,0.07142857142857142,8,10.285714285714286,SC-0024,Vegetable box 7,0,0,2,2,119.0,83.3,5,Harvest Circle,1,0.4642857142857153,10.285714285714286,6.0,17.0,89.0,0,2.6472727272727274,12.607329842931936,2165.7999999999997,0.0,0.0,False,Healthy Stock,Fast Moving,0.0,0.0,0.0,0.0,LOW,2026-05-02,0.0,0.0,Stock 26; daily planning demand 10.29; lead 1 days; safety 6; failed replenishments 8
38145,2026-04-30,1,25,14,15,0,6,23,6,0,11.107142857142858,4.886408100740678,297,15.0,0.10714285714285714,9,12.0,SC-0025,Breakfast pack 7,1,1,1,1,81.0,66.42,10,Morning Mill,2,0.8928571428571423,12.0,12.0,36.0,120.0,97,2.070739549839228,19.8,1527.66,0.0,0.0,False,Low Stock,Fast Moving,0.0,0.0,0.0,36.1,MEDIUM,2026-05-01,81.0,14.579999999999998,Stock 23; daily planning demand 12.00; lead 2 days; safety 12; failed replenishments 9
38146,2026-04-30,1,26,42,2,0,8,36,8,0,8.178571428571429,4.397419878440265,233,21.357142857142858,0.0,5,4.714285714285714,SC-0026,Pantry pack 7,2,2,1,3,446.0,289.9,120,Grain Yard,3,-3.4642857142857144,8.178571428571429,13.0,38.0,95.0,59,4.401746724890829,10.909698996655518,10436.4,0.0,0.0,False,Low Stock,Fast Moving,0.0,0.0,0.0,4.1,LOW,2026-05-04,0.0,0.0,Stock 36; daily planning demand 8.18; lead 3 days; safety 13; failed replenishments 5
38147,2026-04-30,1,27,4,26,0,12,18,12,0,8.857142857142858,3.6688305303349,248,14.964285714285714,0.07142857142857142,6,7.714285714285714,SC-0027,Home care pack 7,3,3,2,2,510.0,290.7,365,Everyday Works,5,-1.1428571428571432,8.857142857142858,14.0,59.0,121.0,103,2.032258064516129,16.572792362768496,5232.599999999999,0.0,0.0,False,Low Stock,Fast Moving,0.0,0.0,0.0,69.1,HIGH,2026-05-02,13405.714285714288,5764.457142857144,Stock 18; daily planning demand 8.86; lead 5 days; safety 14; failed replenishments 6
38148,2026-04-30,1,28,29,1,0,6,24,6,1,8.178571428571429,4.530175137065538,229,19.071428571428573,0.03571428571428571,5,7.142857142857143,SC-0028,Vegetable box 8,0,0,1,1,47.0,32.9,5,Harvest Circle,1,-1.0357142857142856,8.178571428571429,8.0,17.0,74.0,0,2.934497816593886,12.00749063670412,789.5999999999999,0.0,0.0,False,Healthy Stock,Fast Moving,0.0,0.0,0.0,0.0,LOW,2026-05-02,0.0,0.0,Stock 24; daily planning demand 8.18; lead 1 days; safety 8; failed replenishments 5
38149,2026-04-30,1,29,27,5,0,3,29,3,1,8.0,4.0642980351493065,230,17.107142857142858,0.03571428571428571,6,6.571428571428571,SC-0029,Breakfast pack 8,1,1,1,2,162.0,132.84,10,Morning Mill,2,-1.4285714285714288,8.0,10.0,26.0,82.0,0,3.625,13.444676409185803,3852.36,0.0,0.0,False,Healthy Stock,Fast Moving,0.0,0.0,0.0,0.0,LOW,2026-05-03,0.0,0.0,Stock 29; daily planning demand 8.00; lead 2 days; safety 10; failed replenishments 6
38150,2026-04-30,1,30,10,16,0,9,17,9,0,8.214285714285714,3.3813994785979427,224,15.0,0.07142857142857142,3,8.0,SC-0030,Pantry pack 8,2,2,1,3,446.0,289.9,120,Grain Yard,3,-0.21428571428571352,8.214285714285714,10.0,35.0,93.0,76,2.0695652173913044,14.933333333333334,4928.299999999999,0.0,0.0,False,Low Stock,Fast Moving,0.0,0.0,0.0,50.9,HIGH,2026-05-02,3408.714285714284,1193.0499999999995,Stock 17; daily planning demand 8.21; lead 3 days; safety 10; failed replenishments 3
38151,2026-04-30,1,31,13,20,0,8,25,8,0,8.071428571428571,4.496324189483141,221,11.821428571428571,0.07142857142857142,4,9.142857142857142,SC-0031,Home care pack 8,3,3,0,1,150.0,85.5,365,Everyday Works,5,1.0714285714285712,9.142857142857142,17.0,63.0,127.0,102,3.0973451327433628,18.69486404833837,2137.5,0.0,0.0,False,Low Stock,Fast Moving,0.0,0.0,0.0,60.1,HIGH,2026-05-02,3107.1428571428564,1336.0714285714282,Stock 25; daily planning demand 9.14; lead 5 days; safety 17; failed replenishments 4
38152,2026-04-30,1,32,0,26,0,4,22,4,1,8.892857142857142,4.901543866490668,235,13.428571428571429,0.10714285714285714,11,7.857142857142857,SC-0032,Vegetable box 9,0,0,0,2,70.0,49.0,5,Harvest Circle,1,-1.0357142857142856,8.892857142857142,9.0,18.0,81.0,0,2.4738955823293174,17.5,1078.0,0.0,0.0,False,Healthy Stock,Fast Moving,0.0,0.0,0.0,0.0,LOW,2026-05-02,0.0,0.0,Stock 22; daily planning demand 8.89; lead 1 days; safety 9; failed replenishments 11
38153,2026-04-30,1,33,15,8,0,2,21,2,0,8.321428571428571,4.190408549237628,226,12.357142857142858,0.10714285714285714,4,7.714285714285714,SC-0033,Breakfast pack 9,1,1,1,1,81.0,66.42,10,Morning Mill,2,-0.6071428571428568,8.321428571428571,10.0,27.0,85.0,64,2.523605150214592,18.289017341040463,1394.82,0.0,0.0,False,Low Stock,Fast Moving,0.0,0.0,0.0,21.2,LOW,2026-05-02,0.0,0.0,Stock 21; daily planning demand 8.32; lead 2 days; safety 10; failed replenishments 4
38154,2026-04-30,1,34,17,2,0,8,11,8,0,7.107142857142857,2.8846886437583814,202,12.678571428571429,0.03571428571428571,7,6.571428571428571,SC-0034,Pantry pack 9,2,2,2,3,561.0,364.65,120,Grain Yard,3,-0.5357142857142856,7.107142857142857,9.0,31.0,81.0,70,1.5477386934673367,15.932394366197183,4011.1499999999996,0.0,0.0,False,Low Stock,Fast Moving,0.0,0.0,0.0,63.7,HIGH,2026-05-01,5790.3214285714275,2026.6124999999997,Stock 11; daily planning demand 7.11; lead 3 days; safety 9; failed replenishments 7
38155,2026-04-30,1,35,11,9,0,8,12,8,1,6.25,2.4133118476637185,177,12.821428571428571,0.03571428571428571,12,6.714285714285714,SC-0035,Home care pack 9,3,3,0,2,300.0,171.0,365,Everyday Works,5,0.4642857142857144,6.714285714285714,9.0,43.0,90.0,78,1.92,13.805013927576601,2052.0,0.0,0.0,False,Low Stock,Fast Moving,0.0,0.0,0.0,71.8,HIGH,2026-05-01,6471.428571428571,2782.7142857142853,Stock 12; daily planning demand 6.71; lead 5 days; safety 9; failed replenishments 12
38156,2026-04-30,1,36,19,0,0,9,10,9,1,6.107142857142857,3.1662489281691477,180,14.535714285714286,0.03571428571428571,9,4.571428571428571,SC-0036,Vegetable box 10,0,0,2,1,60.0,42.0,5,Harvest Circle,1,-1.5357142857142856,6.107142857142857,6.0,13.0,55.0,45,1.6374269005847955,12.383292383292382,420.0,0.0,0.0,False,Low Stock,Fast Moving,0.0,0.0,0.0,17.4,LOW,2026-05-01,0.0,0.0,Stock 10; daily planning demand 6.11; lead 1 days; safety 6; failed replenishments 9
38157,2026-04-30,1,37,18,0,0,5,13,5,1,5.25,3.787161548256502,147,15.142857142857142,0.03571428571428571,9,4.428571428571429,SC-0037,Breakfast pack 10,1,1,2,1,102.0,83.64,10,Morning Mill,2,-0.8214285714285712,5.25,9.0,20.0,57.0,44,2.4761904761904763,9.70754716981132,1087.32,0.0,0.0,False,Low Stock,Fast Moving,0.0,0.0,0.0,33.3,MEDIUM,2026-05-02,0.0,0.0,Stock 13; daily planning demand 5.25; lead 2 days; safety 9; failed replenishments 9
38158,2026-04-30,1,38,19,4,0,3,20,3,0,5.464285714285714,3.4370760921882515,150,14.107142857142858,0.03571428571428571,3,4.142857142857143,SC-0038,Pantry pack 10,2,2,0,2,220.0,143.0,120,Grain Yard,3,-1.3214285714285712,5.464285714285714,10.0,27.0,65.0,45,3.6601307189542482,10.632911392405063,2860.0,0.0,0.0,False,Low Stock,Fast Moving,0.0,0.0,0.0,24.2,LOW,2026-05-03,0.0,0.0,Stock 20; daily planning demand 5.46; lead 3 days; safety 10; failed replenishments 3
38159,2026-04-30,1,39,13,12,0,6,19,6,0,6.5,3.0489828297804986,166,9.571428571428571,0.17857142857142858,5,5.714285714285714,SC-0039,Home care pack 10,3,3,1,3,608.0,346.56,365,Everyday Works,5,-0.7857142857142856,6.5,12.0,45.0,90.0,71,2.923076923076923,17.34328358208955,6584.64,0.0,0.0,False,Low Stock,Fast Moving,0.0,0.0,0.0,57.3,HIGH,2026-05-02,8208.0,3529.44,Stock 19; daily planning demand 6.50; lead 5 days; safety 12; failed replenishments 5
38160,2026-04-30,2,0,37,0,0,37,0,88,0,152.03571428571428,23.75723226001053,4206,262.9642857142857,0.03571428571428571,9,152.14285714285714,SC-0000,Vegetable box 1,0,0,0,1,35.0,24.5,5,Harvest Circle,1,0.1071428571428612,152.14285714285714,40.0,193.0,1258.0,1258,0.0,15.99456743175336,0.0,0.0,0.0,False,Critical Stock,Fast Moving,0.0,0.0,0.0,100.0,CRITICAL,2026-04-30,5325.0,1597.5,Stock 0; daily planning demand 152.14; lead 1 days; safety 40; failed replenishments 9
38161,2026-04-30,2,1,238,0,0,74,164,74,1,103.78571428571429,17.463946231863464,2817,179.28571428571428,0.03571428571428571,8,104.71428571428571,SC-0001,Breakfast pack 1,1,1,2,3,306.0,250.92,10,Morning Mill,2,0.9285714285714164,104.71428571428571,41.0,251.0,984.0,820,1.5801789401238815,15.712350597609563,41150.88,0.0,0.0,False,Low Stock,Fast Moving,0.0,0.0,0.0,34.5,MEDIUM,2026-05-01,13901.142857142853,2502.2057142857143,Stock 164; daily planning demand 104.71; lead 2 days; safety 41; failed replenishments 8
38162,2026-04-30,2,2,71,175,0,76,170,76,0,77.96428571428571,16.592015355133128,2179,134.35714285714286,0.03571428571428571,6,79.57142857142857,SC-0002,Pantry pack 1,2,2,1,3,446.0,289.9,120,Grain Yard,3,1.6071428571428612,79.57142857142857,48.0,287.0,844.0,674,2.180485570316079,16.217969165337585,49282.99999999999,0.0,0.0,False,Low Stock,Fast Moving,0.0,0.0,0.0,40.7,MEDIUM,2026-05-02,30646.57142857143,10726.300000000003,Stock 170; daily planning demand 79.57; lead 3 days; safety 48; failed replenishments 6
38163,2026-04-30,2,3,184,85,0,51,218,51,0,65.89285714285714,11.957762969640067,1739,84.14285714285714,0.10714285714285714,8,67.57142857142857,SC-0003,Home care pack 1,3,3,1,2,405.0,230.85,365,Everyday Works,5,1.6785714285714306,67.57142857142857,45.0,383.0,856.0,638,3.3084010840108404,20.66723259762309,50325.299999999996,0.0,0.0,False,Low Stock,Fast Moving,0.0,0.0,0.0,43.1,MEDIUM,2026-05-03,48542.14285714285,20873.121428571427,Stock 218; daily planning demand 67.57; lead 5 days; safety 45; failed replenishments 8
38164,2026-04-30,2,4,92,84,0,67,109,48,0,53.714285714285715,11.401290189685461,1523,112.85714285714286,0.0,5,55.42857142857143,SC-0004,Vegetable box 2,0,0,1,1,47.0,32.9,5,Harvest Circle,1,1.7142857142857153,55.42857142857143,19.0,75.0,463.0,0,2.029255319148936,13.49493670886076,3586.1,0.0,0.0,False,Healthy Stock,Fast Moving,0.0,0.0,0.0,0.0,LOW,2026-05-01,0.0,0.0,Stock 109; daily planning demand 55.43; lead 1 days; safety 19; failed replenishments 5
38165,2026-04-30,2,5,121,34,0,42,113,42,0,46.17857142857143,7.9491605493381154,1328,86.60714285714286,0.0,5,41.42857142857143,SC-0005,Breakfast pack 2,1,1,2,3,306.0,250.92,10,Morning Mill,2,-4.75,46.17857142857143,19.0,112.0,435.0,0,2.4470224284609436,15.33360824742268,28353.96,0.0,0.0,False,Healthy Stock,Fast Moving,0.0,0.0,0.0,0.0,LOW,2026-05-02,0.0,0.0,Stock 113; daily planning demand 46.18; lead 2 days; safety 19; failed replenishments 5
38166,2026-04-30,2,6,44,0,0,43,1,43,0,37.785714285714285,10.612212192518939,1063,72.57142857142857,0.0,7,37.714285714285715,SC-0006,Pantry pack 2,2,2,0,2,220.0,143.0,120,Grain Yard,3,-0.0714285714285694,37.785714285714285,31.0,145.0,409.0,408,0.026465028355387523,14.64763779527559,143.0,0.0,0.0,False,Low Stock,Fast Moving,0.0,0.0,0.0,99.3,CRITICAL,2026-04-30,24718.57142857143,8651.5,Stock 1; daily planning demand 37.79; lead 3 days; safety 31; failed replenishments 7
38167,2026-04-30,2,7,10,44,0,21,33,21,0,37.285714285714285,8.597403323989397,1052,36.0,0.07142857142857142,5,37.142857142857146,SC-0007,Home care pack 2,3,3,2,3,765.0,436.05,365,Everyday Works,5,-0.1428571428571388,37.285714285714285,32.0,219.0,480.0,447,0.8850574712643678,29.22222222222222,14389.65,0.0,0.0,False,Low Stock,Fast Moving,0.0,0.0,0.0,84.9,CRITICAL,2026-04-30,117372.85714285713,50470.32857142857,Stock 33; daily planning demand 37.29; lead 5 days; safety 32; failed replenishments 5
38168,2026-04-30,2,8,71,31,0,40,62,40,0,30.392857142857142,7.238473778739732,851,59.67857142857143,0.0,9,31.0,SC-0008,Vegetable box 3,0,0,0,3,105.0,73.5,5,Harvest Circle,1,0.6071428571428577,31.0,12.0,43.0,260.0,0,2.0399529964747356,14.259724715739077,4557.0,0.0,0.0,False,Healthy Stock,Fast Moving,0.0,0.0,0.0,0.0,LOW,2026-05-02,0.0,0.0,Stock 62; daily planning demand 31.00; lead 1 days; safety 12; failed replenishments 9
38169,2026-04-30,2,9,53,0,0,17,36,17,1,28.071428571428573,8.308534529731824,767,50.285714285714285,0.03571428571428571,8,30.0,SC-0009,Breakfast pack 3,1,1,0,3,180.0,147.6,10,Morning Mill,2,1.928571428571427,30.0,20.0,80.0,290.0,254,1.282442748091603,15.25284090909091,5313.599999999999,0.0,0.0,False,Low Stock,Fast Moving,0.0,0.0,0.0,55.0,HIGH,2026-05-01,4320.0,777.6000000000001,Stock 36; daily planning demand 30.00; lead 2 days; safety 20; failed replenishments 8
38170,2026-04-30,2,10,54,25,0,26,53,26,1,26.464285714285715,6.094819554082418,735,43.82142857142857,0.03571428571428571,7,28.142857142857142,SC-0010,Pantry pack 3,2,2,1,3,446.0,289.9,120,Grain Yard,3,1.678571428571427,28.142857142857142,18.0,103.0,300.0,247,2.002699055330634,16.772616136919318,15364.699999999999,0.0,0.0,False,Low Stock,Fast Moving,0.0,0.0,0.0,48.3,MEDIUM,2026-05-01,14017.142857142859,4906.000000000001,Stock 53; daily planning demand 28.14; lead 3 days; safety 18; failed replenishments 7
38171,2026-04-30,2,11,37,35,0,26,46,26,1,22.535714285714285,6.8878967539533935,614,35.714285714285715,0.07142857142857142,8,23.857142857142858,SC-0011,Home care pack 3,3,3,2,1,255.0,145.35,365,Everyday Works,5,1.321428571428573,23.857142857142858,26.0,146.0,313.0,267,2.041204437400951,17.192,6686.099999999999,0.0,0.0,False,Low Stock,Fast Moving,0.0,0.0,0.0,68.3,HIGH,2026-05-01,18687.857142857145,8035.778571428573,Stock 46; daily planning demand 23.86; lead 5 days; safety 26; failed replenishments 8
38172,2026-04-30,2,12,46,0,0,11,35,11,0,20.428571428571427,6.414269805898185,572,46.0,0.03571428571428571,6,18.0,SC-0012,Vegetable box 4,0,0,2,2,119.0,83.3,5,Harvest Circle,1,-2.428571428571427,20.428571428571427,11.0,32.0,175.0,0,1.7132867132867133,12.434782608695652,2915.5,0.0,0.0,False,Healthy Stock,Fast Moving,0.0,0.0,0.0,0.0,LOW,2026-05-01,0.0,0.0,Stock 35; daily planning demand 20.43; lead 1 days; safety 11; failed replenishments 6
38173,2026-04-30,2,13,49,14,0,22,41,22,0,18.821428571428573,5.518008037182684,539,41.17857142857143,0.0,4,17.857142857142858,SC-0013,Breakfast pack 4,1,1,2,2,204.0,167.28,10,Morning Mill,2,-0.9642857142857153,18.821428571428573,13.0,51.0,183.0,142,2.178368121442125,13.089332176929748,6858.4800000000005,0.0,0.0,False,Low Stock,Fast Moving,0.0,0.0,0.0,19.0,LOW,2026-05-02,0.0,0.0,Stock 41; daily planning demand 18.82; lead 2 days; safety 13; failed replenishments 4
38174,2026-04-30,2,14,31,22,0,13,40,13,0,18.357142857142858,4.847406986972984,517,33.785714285714285,0.0,2,15.857142857142858,SC-0014,Pantry pack 4,2,2,2,2,374.0,243.1,120,Grain Yard,3,-2.5,18.357142857142858,14.0,70.0,198.0,158,2.178988326848249,15.30232558139535,9724.0,0.0,0.0,False,Low Stock,Fast Moving,0.0,0.0,0.0,42.1,MEDIUM,2026-05-02,5636.714285714285,1972.85,Stock 40; daily planning demand 18.36; lead 3 days; safety 14; failed replenishments 2
38175,2026-04-30,2,15,19,0,0,18,1,18,1,19.642857142857142,5.306978534347126,535,14.25,0.10714285714285714,7,19.428571428571427,SC-0015,Home care pack 4,3,3,2,1,255.0,145.35,365,Everyday Works,5,-0.2142857142857153,19.642857142857142,20.0,119.0,256.0,255,0.05090909090909091,37.54385964912281,145.35,0.0,0.0,False,Low Stock,Fast Moving,0.0,0.0,0.0,99.2,CRITICAL,2026-04-30,24789.642857142855,10659.546428571428,Stock 1; daily planning demand 19.64; lead 5 days; safety 20; failed replenishments 7
38176,2026-04-30,2,16,28,0,0,14,14,14,0,15.178571428571429,5.597972989154341,425,32.392857142857146,0.0,7,16.571428571428573,SC-0016,Vegetable box 5,0,0,1,2,94.0,65.8,5,Harvest Circle,1,1.3928571428571441,16.571428571428573,10.0,27.0,143.0,129,0.9223529411764706,13.120176405733185,921.1999999999999,0.0,0.0,False,Low Stock,Fast Moving,0.0,0.0,0.0,47.3,MEDIUM,2026-04-30,241.71428571428586,72.51428571428576,Stock 14; daily planning demand 16.57; lead 1 days; safety 10; failed replenishments 7
38177,2026-04-30,2,17,35,17,0,11,41,11,0,15.821428571428571,4.853815386839904,438,25.5,0.03571428571428571,8,14.857142857142858,SC-0017,Breakfast pack 5,1,1,0,1,60.0,49.2,10,Morning Mill,2,-0.9642857142857135,15.821428571428571,12.0,44.0,155.0,114,2.5914221218961626,17.176470588235293,2017.2,0.0,0.0,False,Low Stock,Fast Moving,0.0,0.0,0.0,6.1,LOW,2026-05-02,0.0,0.0,Stock 41; daily planning demand 15.82; lead 2 days; safety 12; failed replenishments 8
38178,2026-04-30,2,18,38,10,0,10,38,10,0,15.357142857142858,4.707868006223324,402,22.928571428571427,0.07142857142857142,6,12.428571428571429,SC-0018,Pantry pack 5,2,2,2,3,561.0,364.65,120,Grain Yard,3,-2.928571428571429,15.357142857142858,14.0,61.0,168.0,130,2.474418604651163,17.532710280373834,13856.699999999999,0.0,0.0,False,Low Stock,Fast Moving,0.0,0.0,0.0,36.7,MEDIUM,2026-05-02,4528.0714285714275,1584.8249999999998,Stock 38; daily planning demand 15.36; lead 3 days; safety 14; failed replenishments 6
38179,2026-04-30,2,19,27,0,0,14,13,14,0,13.714285714285714,4.462661080044497,379,16.821428571428573,0.07142857142857142,2,12.571428571428571,SC-0019,Home care pack 5,3,3,1,3,608.0,346.56,365,Everyday Works,5,-1.1428571428571423,13.714285714285714,17.0,86.0,182.0,169,0.9479166666666667,22.530785562632694,4505.28,0.0,0.0,False,Low Stock,Fast Moving,0.0,0.0,0.0,84.8,CRITICAL,2026-04-30,33787.42857142857,14528.594285714285,Stock 13; daily planning demand 13.71; lead 5 days; safety 17; failed replenishments 2
38180,2026-04-30,2,20,38,5,0,11,32,11,0,12.892857142857142,4.693094104653376,361,25.928571428571427,0.0,7,11.571428571428571,SC-0020,Vegetable box 6,0,0,1,3,142.0,99.4,5,Harvest Circle,1,-1.3214285714285712,12.892857142857142,8.0,21.0,112.0,0,2.4819944598337953,13.922865013774105,3180.8,0.0,0.0,False,Healthy Stock,Fast Moving,0.0,0.0,0.0,0.0,LOW,2026-05-02,0.0,0.0,Stock 32; daily planning demand 12.89; lead 1 days; safety 8; failed replenishments 7
38181,2026-04-30,2,21,28,16,0,7,37,7,1,11.857142857142858,3.9319610196843837,333,23.178571428571427,0.0,8,11.857142857142858,SC-0021,Breakfast pack 6,1,1,1,3,243.0,199.26,10,Morning Mill,2,0.0,11.857142857142858,10.0,34.0,117.0,0,3.120481927710843,14.366718027734978,7372.62,0.0,0.0,False,Healthy Stock,Fast Moving,0.0,0.0,0.0,0.0,LOW,2026-05-03,0.0,0.0,Stock 37; daily planning demand 11.86; lead 2 days; safety 10; failed replenishments 8
38182,2026-04-30,2,22,31,8,0,20,19,20,0,11.0,3.8297084310253524,319,20.214285714285715,0.03571428571428571,8,13.142857142857142,SC-0022,Pantry pack 6,2,2,0,2,220.0,143.0,120,Grain Yard,3,2.1428571428571423,13.142857142857142,11.0,51.0,143.0,124,1.7272727272727273,15.780918727915193,2717.0,0.0,0.0,False,Low Stock,Fast Moving,0.0,0.0,0.0,62.3,HIGH,2026-05-01,4494.285714285715,1573.0000000000002,Stock 19; daily planning demand 13.14; lead 3 days; safety 11; failed replenishments 8
38183,2026-04-30,2,23,1,36,0,11,26,11,1,10.892857142857142,4.810014904991813,310,14.428571428571429,0.03571428571428571,5,9.0,SC-0023,Home care pack 6,3,3,2,3,765.0,436.05,365,Everyday Works,5,-1.8928571428571423,10.892857142857142,18.0,73.0,149.0,123,2.3868852459016394,21.485148514851485,11337.300000000001,0.0,0.0,False,Low Stock,Fast Moving,0.0,0.0,0.0,64.1,HIGH,2026-05-02,21775.178571428565,9363.326785714284,Stock 26; daily planning demand 10.89; lead 5 days; safety 18; failed replenishments 5
38184,2026-04-30,2,24,26,9,0,14,21,14,0,9.571428571428571,4.031621045431757,268,24.857142857142858,0.0,2,9.571428571428571,SC-0024,Vegetable box 7,0,0,2,2,119.0,83.3,5,Harvest Circle,1,0.0,9.571428571428571,7.0,17.0,84.0,0,2.1940298507462686,10.781609195402298,1749.3,0.0,0.0,False,Healthy Stock,Fast Moving,0.0,0.0,0.0,0.0,LOW,2026-05-02,0.0,0.0,Stock 21; daily planning demand 9.57; lead 1 days; safety 7; failed replenishments 2
38185,2026-04-30,2,25,22,0,0,10,12,10,0,9.142857142857142,3.1822922755435474,248,19.071428571428573,0.10714285714285714,6,9.142857142857142,SC-0025,Breakfast pack 7,1,1,1,1,81.0,66.42,10,Morning Mill,2,0.0,9.142857142857142,8.0,27.0,91.0,79,1.3125,13.00374531835206,797.04,0.0,0.0,False,Low Stock,Fast Moving,0.0,0.0,0.0,54.3,HIGH,2026-05-01,509.14285714285705,91.64571428571426,Stock 12; daily planning demand 9.14; lead 2 days; safety 8; failed replenishments 6
38186,2026-04-30,2,26,23,10,0,7,26,7,0,9.071428571428571,3.8386781234494944,251,19.642857142857142,0.03571428571428571,7,8.714285714285714,SC-0026,Pantry pack 7,2,2,1,3,446.0,289.9,120,Grain Yard,3,-0.35714285714285765,9.071428571428571,11.0,39.0,102.0,76,2.866141732283465,12.77818181818182,7537.4,0.0,0.0,False,Low Stock,Fast Moving,0.0,0.0,0.0,32.0,MEDIUM,2026-05-02,541.571428571429,189.55000000000018,Stock 26; daily planning demand 9.07; lead 3 days; safety 11; failed replenishments 7
38187,2026-04-30,2,27,22,14,0,10,26,10,1,9.178571428571429,3.559583531908603,231,16.0,0.10714285714285714,8,8.857142857142858,SC-0027,Home care pack 7,3,3,2,2,510.0,290.7,365,Everyday Works,5,-0.3214285714285712,9.178571428571429,14.0,60.0,125.0,99,2.8326848249027234,14.4375,7558.2,0.0,0.0,False,Low Stock,Fast Moving,0.0,0.0,0.0,56.6,HIGH,2026-05-02,10145.357142857145,4362.503571428572,Stock 26; daily planning demand 9.18; lead 5 days; safety 14; failed replenishments 8
38188,2026-04-30,2,28,10,0,0,10,0,11,0,9.571428571428571,4.29839394148448,267,17.857142857142858,0.03571428571428571,5,11.0,SC-0028,Vegetable box 8,0,0,1,1,47.0,32.9,5,Harvest Circle,1,1.4285714285714288,11.0,8.0,19.0,96.0,96,0.0,14.952,0.0,0.0,0.0,False,Critical Stock,Fast Moving,0.0,0.0,0.0,100.0,CRITICAL,2026-04-30,517.0,155.10000000000002,Stock 0; daily planning demand 11.00; lead 1 days; safety 8; failed replenishments 5
38189,2026-04-30,2,29,16,16,0,10,22,10,1,7.857142857142857,3.450327796711771,218,18.071428571428573,0.03571428571428571,8,9.285714285714286,SC-0029,Breakfast pack 8,1,1,1,2,162.0,132.84,10,Morning Mill,2,1.4285714285714297,9.285714285714286,9.0,28.0,93.0,71,2.8000000000000003,12.063241106719367,2922.48,0.0,0.0,False,Low Stock,Fast Moving,0.0,0.0,0.0,20.2,LOW,2026-05-02,0.0,0.0,Stock 22; daily planning demand 9.29; lead 2 days; safety 9; failed replenishments 8
38190,2026-04-30,2,30,6,14,0,11,9,11,0,7.892857142857143,3.593608376551508,220,15.678571428571429,0.03571428571428571,4,9.571428571428571,SC-0030,Pantry pack 8,2,2,1,3,446.0,289.9,120,Grain Yard,3,1.678571428571428,9.571428571428571,11.0,40.0,107.0,98,1.1402714932126696,14.031890660592255,2609.1,0.0,0.0,False,Low Stock,Fast Moving,0.0,0.0,0.0,77.3,CRITICAL,2026-04-30,8792.57142857143,3077.4000000000005,Stock 9; daily planning demand 9.57; lead 3 days; safety 11; failed replenishments 4
38191,2026-04-30,2,31,2,0,0,2,0,7,0,9.178571428571429,3.8398839819334376,231,9.535714285714286,0.2857142857142857,8,10.428571428571429,SC-0031,Home care pack 8,3,3,0,1,150.0,85.5,365,Everyday Works,5,1.25,10.428571428571429,15.0,68.0,141.0,141,0.0,24.224719101123593,0.0,0.0,0.0,False,Critical Stock,Fast Moving,0.0,0.0,0.0,100.0,CRITICAL,2026-04-30,7821.428571428572,3363.214285714286,Stock 0; daily planning demand 10.43; lead 5 days; safety 15; failed replenishments 8
38192,2026-04-30,2,32,22,4,0,19,7,19,0,8.0,3.839367231815777,224,15.964285714285714,0.0,6,8.428571428571429,SC-0032,Vegetable box 9,0,0,0,2,70.0,49.0,5,Harvest Circle,1,0.4285714285714288,8.428571428571429,7.0,16.0,75.0,68,0.875,14.031319910514542,343.0,0.0,0.0,False,Low Stock,Fast Moving,0.0,0.0,0.0,54.6,HIGH,2026-04-30,100.00000000000001,30.000000000000007,Stock 7; daily planning demand 8.43; lead 1 days; safety 7; failed replenishments 6
38193,2026-04-30,2,33,12,0,0,5,7,5,1,7.571428571428571,3.293411733531179,216,13.607142857142858,0.0,9,6.428571428571429,SC-0033,Breakfast pack 9,1,1,1,1,81.0,66.42,10,Morning Mill,2,-1.1428571428571423,7.571428571428571,8.0,24.0,77.0,70,0.9245283018867925,15.874015748031496,464.94,0.0,0.0,False,Low Stock,Fast Moving,0.0,0.0,0.0,69.8,HIGH,2026-04-30,659.5714285714286,118.72285714285712,Stock 7; daily planning demand 7.57; lead 2 days; safety 8; failed replenishments 9
38194,2026-04-30,2,34,19,0,0,2,17,2,0,7.821428571428571,3.7717622507510304,221,11.071428571428571,0.0,4,6.428571428571429,SC-0034,Pantry pack 9,2,2,2,3,561.0,364.65,120,Grain Yard,3,-1.3928571428571423,7.821428571428571,11.0,35.0,90.0,73,2.17351598173516,19.961290322580645,6199.049999999999,0.0,0.0,False,Low Stock,Fast Moving,0.0,0.0,0.0,50.7,HIGH,2026-05-02,3626.4642857142862,1269.2625000000003,Stock 17; daily planning demand 7.82; lead 3 days; safety 11; failed replenishments 4
38195,2026-04-30,2,35,1,8,0,7,2,7,1,7.464285714285714,2.9997795333452832,201,10.0,0.17857142857142858,6,9.857142857142858,SC-0035,Home care pack 9,3,3,0,2,300.0,171.0,365,Everyday Works,5,2.3928571428571432,9.857142857142858,12.0,62.0,131.0,129,0.2679425837320574,20.1,342.0,0.0,0.0,False,Low Stock,Fast Moving,0.0,0.0,0.0,96.7,CRITICAL,2026-04-30,14185.714285714288,6099.857142857144,Stock 2; daily planning demand 9.86; lead 5 days; safety 12; failed replenishments 6
38196,2026-04-30,2,36,20,0,0,2,18,2,0,6.0,3.220305943597653,168,15.0,0.0,8,4.857142857142857,SC-0036,Vegetable box 10,0,0,2,1,60.0,42.0,5,Harvest Circle,1,-1.1428571428571432,6.0,6.0,12.0,54.0,0,3.0,11.2,756.0,0.0,0.0,False,Healthy Stock,Fast Moving,0.0,0.0,0.0,0.0,LOW,2026-05-03,0.0,0.0,Stock 18; daily planning demand 6.00; lead 1 days; safety 6; failed replenishments 8
38197,2026-04-30,2,37,12,0,0,9,3,9,0,6.714285714285714,2.7332946183862927,188,13.75,0.0,5,7.857142857142857,SC-0037,Breakfast pack 10,1,1,2,1,102.0,83.64,10,Morning Mill,2,1.1428571428571423,7.857142857142857,7.0,23.0,78.0,75,0.44680851063829785,13.672727272727272,250.92000000000002,0.0,0.0,False,Low Stock,Fast Moving,0.0,0.0,0.0,86.8,CRITICAL,2026-04-30,1296.857142857143,233.4342857142857,Stock 3; daily planning demand 7.86; lead 2 days; safety 7; failed replenishments 5
38198,2026-04-30,2,38,7,8,0,3,12,3,0,6.964285714285714,4.272930669685212,174,10.0,0.14285714285714285,10,7.428571428571429,SC-0038,Pantry pack 10,2,2,0,2,220.0,143.0,120,Grain Yard,3,0.4642857142857144,7.428571428571429,13.0,36.0,88.0,76,1.723076923076923,17.4,1716.0,0.0,0.0,False,Low Stock,Fast Moving,0.0,0.0,0.0,66.0,HIGH,2026-05-01,2262.8571428571427,791.9999999999999,Stock 12; daily planning demand 7.43; lead 3 days; safety 13; failed replenishments 10
38199,2026-04-30,2,39,16,11,0,9,18,9,0,6.535714285714286,3.3275743902655766,175,9.392857142857142,0.14285714285714285,3,6.428571428571429,SC-0039,Home care pack 10,3,3,1,3,608.0,346.56,365,Everyday Works,5,-0.10714285714285676,6.535714285714286,13.0,46.0,92.0,74,2.7540983606557377,18.631178707224336,6238.08,0.0,0.0,False,Low Stock,Fast Moving,0.0,0.0,0.0,60.6,HIGH,2026-05-02,8924.57142857143,3837.565714285715,Stock 18; daily planning demand 6.54; lead 5 days; safety 13; failed replenishments 3
38200,2026-04-30,3,0,336,149,0,126,359,126,0,151.85714285714286,24.874074389202438,4252,290.39285714285717,0.0,7,159.57142857142858,SC-0000,Vegetable box 1,0,0,0,1,35.0,24.5,5,Harvest Circle,1,7.714285714285722,159.57142857142858,42.0,202.0,1319.0,0,2.3640639698965193,14.642233427622678,8795.5,0.0,0.0,False,Healthy Stock,Fast Moving,0.0,0.0,0.0,0.0,LOW,2026-05-02,0.0,0.0,Stock 359; daily planning demand 159.57; lead 1 days; safety 42; failed replenishments 7
38201,2026-04-30,3,1,237,94,0,97,234,97,0,105.46428571428571,25.999262301296937,2953,194.60714285714286,0.0,5,111.28571428571429,SC-0001,Breakfast pack 1,1,1,2,3,306.0,250.92,10,Morning Mill,2,5.821428571428584,111.28571428571429,61.0,284.0,1063.0,829,2.218760582458517,15.174160396403009,58715.28,0.0,0.0,False,Low Stock,Fast Moving,0.0,0.0,0.0,17.5,LOW,2026-05-02,0.0,0.0,Stock 234; daily planning demand 111.29; lead 2 days; safety 61; failed replenishments 5
38202,2026-04-30,3,2,175,70,0,68,177,68,0,81.25,14.718657849440241,2279,142.39285714285714,0.0,3,80.0,SC-0002,Pantry pack 1,2,2,1,3,446.0,289.9,120,Grain Yard,3,-1.25,81.25,43.0,287.0,856.0,679,2.1784615384615384,16.0050163029847,51312.299999999996,0.0,0.0,False,Low Stock,Fast Moving,0.0,0.0,0.0,38.3,MEDIUM,2026-05-02,29770.5,10419.675000000001,Stock 177; daily planning demand 81.25; lead 3 days; safety 43; failed replenishments 3
38203,2026-04-30,3,3,56,97,0,72,81,72,0,64.82142857142857,11.431125706623776,1799,92.53571428571429,0.07142857142857142,4,70.42857142857143,SC-0003,Home care pack 1,3,3,1,2,405.0,230.85,365,Everyday Works,5,5.607142857142861,70.42857142857143,43.0,396.0,889.0,808,1.2495867768595041,19.441142416055577,18698.85,0.0,0.0,False,Low Stock,Fast Moving,0.0,0.0,0.0,79.5,CRITICAL,2026-05-01,109812.85714285716,47219.52857142858,Stock 81; daily planning demand 70.43; lead 5 days; safety 43; failed replenishments 4
38204,2026-04-30,3,4,116,60,0,46,130,46,0,54.214285714285715,11.979479809571718,1518,112.17857142857143,0.0,5,55.285714285714285,SC-0004,Vegetable box 2,0,0,1,1,47.0,32.9,5,Harvest Circle,1,1.0714285714285694,55.285714285714285,20.0,76.0,463.0,0,2.3978919631093545,13.531996179560648,4277.0,0.0,0.0,False,Healthy Stock,Fast Moving,0.0,0.0,0.0,0.0,LOW,2026-05-02,0.0,0.0,Stock 130; daily planning demand 55.29; lead 1 days; safety 20; failed replenishments 5
38205,2026-04-30,3,5,92,50,0,35,107,35,1,44.0,9.962894120648842,1232,95.0,0.0,4,42.57142857142857,SC-0005,Breakfast pack 2,1,1,2,3,306.0,250.92,10,Morning Mill,2,-1.4285714285714306,44.0,24.0,112.0,420.0,313,2.4318181818181817,12.968421052631578,26848.44,0.0,0.0,False,Low Stock,Fast Moving,0.0,0.0,0.0,4.5,LOW,2026-05-02,0.0,0.0,Stock 107; daily planning demand 44.00; lead 2 days; safety 24; failed replenishments 4
38206,2026-04-30,3,6,80,0,0,27,53,27,0,42.892857142857146,11.522407431429988,1185,56.607142857142854,0.03571428571428571,9,42.142857142857146,SC-0006,Pantry pack 2,2,2,0,2,220.0,143.0,120,Grain Yard,3,-0.75,42.892857142857146,33.0,162.0,462.0,409,1.2356369691923397,20.933753943217667,7579.0,0.0,0.0,False,Low Stock,Fast Moving,0.0,0.0,0.0,67.2,HIGH,2026-05-01,16649.285714285717,5827.250000000001,Stock 53; daily planning demand 42.89; lead 3 days; safety 33; failed replenishments 9
38207,2026-04-30,3,7,35,43,0,40,38,40,0,34.07142857142857,7.873671887671533,960,59.57142857142857,0.0,3,38.285714285714285,SC-0007,Home care pack 2,3,3,2,3,765.0,436.05,365,Everyday Works,5,4.214285714285715,38.285714285714285,30.0,222.0,490.0,452,1.1153039832285117,16.115107913669064,16569.9,0.0,0.0,False,Low Stock,Fast Moving,0.0,0.0,0.0,82.8,CRITICAL,2026-04-30,117372.85714285713,50470.32857142857,Stock 38; daily planning demand 38.29; lead 5 days; safety 30; failed replenishments 3
38208,2026-04-30,3,8,79,23,0,30,72,30,0,32.357142857142854,7.533698544314987,883,58.892857142857146,0.03571428571428571,7,29.571428571428573,SC-0008,Vegetable box 3,0,0,0,3,105.0,73.5,5,Harvest Circle,1,-2.785714285714281,32.357142857142854,13.0,46.0,272.0,0,2.2251655629139075,14.993329290479078,5292.0,0.0,0.0,False,Healthy Stock,Fast Moving,0.0,0.0,0.0,0.0,LOW,2026-05-02,0.0,0.0,Stock 72; daily planning demand 32.36; lead 1 days; safety 13; failed replenishments 7
38209,2026-04-30,3,9,60,32,0,15,77,15,0,27.178571428571427,8.304633117539343,761,56.535714285714285,0.0,3,29.571428571428573,SC-0009,Breakfast pack 3,1,1,0,3,180.0,147.6,10,Morning Mill,2,2.392857142857146,29.571428571428573,20.0,80.0,287.0,210,2.83311432325887,13.460518003790272,11365.199999999999,0.0,0.0,False,Low Stock,Fast Moving,0.0,0.0,0.0,2.7,LOW,2026-05-02,0.0,0.0,Stock 77; daily planning demand 29.57; lead 2 days; safety 20; failed replenishments 3
38210,2026-04-30,3,10,51,33,0,17,67,17,0,26.821428571428573,6.997637545409966,753,40.17857142857143,0.03571428571428571,4,25.714285714285715,SC-0010,Pantry pack 3,2,2,1,3,446.0,289.9,120,Grain Yard,3,-1.1071428571428577,26.821428571428573,20.0,101.0,289.0,222,2.4980026631158454,18.741333333333333,19423.3,0.0,0.0,False,Low Stock,Fast Moving,0.0,0.0,0.0,33.3,MEDIUM,2026-05-02,6005.071428571432,2101.7750000000015,Stock 67; daily planning demand 26.82; lead 3 days; safety 20; failed replenishments 4
38211,2026-04-30,3,11,19,0,0,19,0,19,1,24.142857142857142,5.197679579954214,676,29.142857142857142,0.03571428571428571,4,25.428571428571427,SC-0011,Home care pack 3,3,3,2,1,255.0,145.35,365,Everyday Works,5,1.2857142857142847,25.428571428571427,20.0,148.0,326.0,326,0.0,23.19607843137255,0.0,0.0,0.0,False,Critical Stock,Fast Moving,0.0,0.0,0.0,100.0,CRITICAL,2026-04-30,32421.42857142857,13941.214285714286,Stock 0; daily planning demand 25.43; lead 5 days; safety 20; failed replenishments 4
38212,2026-04-30,3,12,47,24,0,20,51,20,1,21.964285714285715,5.972046878193766,626,45.714285714285715,0.0,4,22.0,SC-0012,Vegetable box 4,0,0,2,2,119.0,83.3,5,Harvest Circle,1,0.0357142857142847,22.0,10.0,32.0,186.0,0,2.321951219512195,13.69375,4248.3,0.0,0.0,False,Healthy Stock,Fast Moving,0.0,0.0,0.0,0.0,LOW,2026-05-02,0.0,0.0,Stock 51; daily planning demand 22.00; lead 1 days; safety 10; failed replenishments 4
38213,2026-04-30,3,13,41,16,0,15,42,15,0,19.892857142857142,4.848361966336028,557,38.5,0.0,4,20.0,SC-0013,Breakfast pack 4,1,1,2,2,204.0,167.28,10,Morning Mill,2,0.10714285714285765,20.0,12.0,52.0,192.0,150,2.111310592459605,14.467532467532468,7025.76,0.0,0.0,False,Low Stock,Fast Moving,0.0,0.0,0.0,19.2,LOW,2026-05-02,0.0,0.0,Stock 42; daily planning demand 20.00; lead 2 days; safety 12; failed replenishments 4
38214,2026-04-30,3,14,36,23,0,14,45,14,0,19.035714285714285,5.343616079419704,536,31.928571428571427,0.0,0,20.428571428571427,SC-0014,Pantry pack 4,2,2,2,2,374.0,243.1,120,Grain Yard,3,1.3928571428571423,20.428571428571427,16.0,78.0,221.0,176,2.3639774859287055,16.787472035794185,10939.5,0.0,0.0,False,Low Stock,Fast Moving,0.0,0.0,0.0,41.8,MEDIUM,2026-05-02,6090.8571428571395,2131.799999999999,Stock 45; daily planning demand 20.43; lead 3 days; safety 16; failed replenishments 0
38215,2026-04-30,3,15,20,26,0,8,38,8,0,17.607142857142858,5.244674799891197,493,23.714285714285715,0.0,3,17.714285714285715,SC-0015,Home care pack 4,3,3,2,1,255.0,145.35,365,Everyday Works,5,0.10714285714285765,17.714285714285715,20.0,109.0,233.0,195,2.158215010141988,20.789156626506024,5523.3,0.0,0.0,False,Low Stock,Fast Moving,0.0,0.0,0.0,65.0,HIGH,2026-05-02,12895.714285714288,5545.157142857144,Stock 38; daily planning demand 17.71; lead 5 days; safety 20; failed replenishments 3
38216,2026-04-30,3,16,34,19,0,12,41,12,0,16.964285714285715,5.391915366801608,475,33.607142857142854,0.0,4,17.142857142857142,SC-0016,Vegetable box 5,0,0,1,2,94.0,65.8,5,Harvest Circle,1,0.17857142857142705,17.142857142857142,9.0,27.0,147.0,0,2.4168421052631577,14.133900106269927,2697.7999999999997,0.0,0.0,False,Healthy Stock,Fast Moving,0.0,0.0,0.0,0.0,LOW,2026-05-02,0.0,0.0,Stock 41; daily planning demand 17.14; lead 1 days; safety 9; failed replenishments 4
38217,2026-04-30,3,17,17,31,0,12,36,12,0,15.678571428571429,5.504567607929305,432,29.964285714285715,0.03571428571428571,3,18.285714285714285,SC-0017,Breakfast pack 5,1,1,0,1,60.0,49.2,10,Morning Mill,2,2.607142857142856,18.285714285714285,13.0,50.0,178.0,142,2.296127562642369,14.417163289630512,1771.2,0.0,0.0,False,Low Stock,Fast Moving,0.0,0.0,0.0,27.4,MEDIUM,2026-05-01,34.285714285714164,6.171428571428548,Stock 36; daily planning demand 18.29; lead 2 days; safety 13; failed replenishments 3
38218,2026-04-30,3,18,23,9,0,18,14,18,0,16.142857142857142,3.3743508095992905,446,18.428571428571427,0.03571428571428571,7,17.142857142857142,SC-0018,Pantry pack 5,2,2,2,3,561.0,364.65,120,Grain Yard,3,1.0,17.142857142857142,10.0,62.0,182.0,168,0.8672566371681416,24.2015503875969,5105.099999999999,0.0,0.0,False,Low Stock,Fast Moving,0.0,0.0,0.0,77.2,CRITICAL,2026-04-30,20997.428571428572,7349.100000000001,Stock 14; daily planning demand 17.14; lead 3 days; safety 10; failed replenishments 7
38219,2026-04-30,3,19,18,10,0,14,14,14,0,13.321428571428571,4.823196814689145,369,21.571428571428573,0.03571428571428571,4,14.0,SC-0019,Home care pack 5,3,3,1,3,608.0,346.56,365,Everyday Works,5,0.6785714285714288,14.0,18.0,88.0,186.0,172,1.0509383378016086,17.105960264900663,4851.84,0.0,0.0,False,Low Stock,Fast Moving,0.0,0.0,0.0,84.1,CRITICAL,2026-05-01,34048.0,14640.64,Stock 14; daily planning demand 14.00; lead 5 days; safety 18; failed replenishments 4
38220,2026-04-30,3,20,29,0,0,16,13,16,0,12.892857142857142,4.103650459036087,361,27.892857142857142,0.0,5,12.714285714285714,SC-0020,Vegetable box 6,0,0,1,3,142.0,99.4,5,Harvest Circle,1,-0.17857142857142883,12.892857142857142,7.0,20.0,111.0,98,1.0083102493074794,12.942381562099872,1292.2,0.0,0.0,False,Low Stock,Fast Moving,0.0,0.0,0.0,34.6,MEDIUM,2026-05-01,0.0,0.0,Stock 13; daily planning demand 12.89; lead 1 days; safety 7; failed replenishments 5
38221,2026-04-30,3,21,22,12,0,10,24,10,0,12.75,4.274168751759635,331,21.571428571428573,0.14285714285714285,6,11.285714285714286,SC-0021,Breakfast pack 6,1,1,1,3,243.0,199.26,10,Morning Mill,2,-1.4642857142857135,12.75,10.0,36.0,125.0,101,1.8823529411764706,15.344370860927151,4782.24,0.0,0.0,False,Low Stock,Fast Moving,0.0,0.0,0.0,32.4,MEDIUM,2026-05-01,364.5,65.61000000000001,Stock 24; daily planning demand 12.75; lead 2 days; safety 10; failed replenishments 6
38222,2026-04-30,3,22,22,11,0,7,26,7,0,11.357142857142858,4.785891965429423,318,20.035714285714285,0.07142857142857142,7,11.428571428571429,SC-0022,Pantry pack 6,2,2,0,2,220.0,143.0,120,Grain Yard,3,0.07142857142857117,11.428571428571429,14.0,49.0,129.0,103,2.289308176100629,15.871657754010696,3718.0,0.0,0.0,False,Low Stock,Fast Moving,0.0,0.0,0.0,46.2,MEDIUM,2026-05-02,1822.8571428571427,637.9999999999999,Stock 26; daily planning demand 11.43; lead 3 days; safety 14; failed replenishments 7
38223,2026-04-30,3,23,0,23,0,12,11,12,0,10.535714285714286,4.185354915320297,286,21.25,0.10714285714285714,6,13.714285714285714,SC-0023,Home care pack 6,3,3,2,3,765.0,436.05,365,Everyday Works,5,3.178571428571427,13.714285714285714,16.0,85.0,181.0,170,1.0440677966101695,13.458823529411765,4796.55,0.0,0.0,False,Low Stock,Fast Moving,0.0,0.0,0.0,87.0,CRITICAL,2026-04-30,44042.142857142855,18938.121428571427,Stock 11; daily planning demand 13.71; lead 5 days; safety 16; failed replenishments 6
38224,2026-04-30,3,24,30,5,0,9,26,9,0,10.714285714285714,3.4086724129853865,300,22.714285714285715,0.0,4,9.714285714285714,SC-0024,Vegetable box 7,0,0,2,2,119.0,83.3,5,Harvest Circle,1,-1.0,10.714285714285714,6.0,17.0,92.0,0,2.4266666666666667,13.20754716981132,2165.7999999999997,0.0,0.0,False,Healthy Stock,Fast Moving,0.0,0.0,0.0,0.0,LOW,2026-05-02,0.0,0.0,Stock 26; daily planning demand 10.71; lead 1 days; safety 6; failed replenishments 4
38225,2026-04-30,3,25,19,14,0,8,25,8,0,9.25,3.5446882535442823,276,21.678571428571427,0.0,2,7.857142857142857,SC-0025,Breakfast pack 7,1,1,1,1,81.0,66.42,10,Morning Mill,2,-1.3928571428571432,9.25,9.0,28.0,93.0,68,2.7027027027027026,12.731466227347612,1660.5,0.0,0.0,False,Low Stock,Fast Moving,0.0,0.0,0.0,9.1,LOW,2026-05-02,0.0,0.0,Stock 25; daily planning demand 9.25; lead 2 days; safety 9; failed replenishments 2
38226,2026-04-30,3,26,30,2,0,13,19,13,0,9.928571428571429,5.17063339789718,269,18.071428571428573,0.03571428571428571,5,9.714285714285714,SC-0026,Pantry pack 7,2,2,1,3,446.0,289.9,120,Grain Yard,3,-0.2142857142857153,9.928571428571429,15.0,45.0,115.0,96,1.9136690647482013,14.885375494071145,5508.099999999999,0.0,0.0,False,Low Stock,Fast Moving,0.0,0.0,0.0,57.6,HIGH,2026-05-01,4810.428571428571,1683.65,Stock 19; daily planning demand 9.93; lead 3 days; safety 15; failed replenishments 5
38227,2026-04-30,3,27,20,0,0,9,11,9,1,8.892857142857142,3.6346000413136874,252,17.321428571428573,0.0,3,8.285714285714286,SC-0027,Home care pack 7,3,3,2,2,510.0,290.7,365,Everyday Works,5,-0.6071428571428559,8.892857142857142,14.0,59.0,121.0,110,1.2369477911646587,14.54845360824742,3197.7,0.0,0.0,False,Low Stock,Fast Moving,0.0,0.0,0.0,81.2,CRITICAL,2026-05-01,17066.78571428571,7338.717857142856,Stock 11; daily planning demand 8.89; lead 5 days; safety 14; failed replenishments 3
38228,2026-04-30,3,28,26,4,0,7,23,7,0,8.25,3.3180203825864694,230,20.178571428571427,0.03571428571428571,4,7.142857142857143,SC-0028,Vegetable box 8,0,0,1,1,47.0,32.9,5,Harvest Circle,1,-1.1071428571428568,8.25,6.0,15.0,72.0,0,2.787878787878788,11.398230088495577,756.6999999999999,0.0,0.0,False,Healthy Stock,Fast Moving,0.0,0.0,0.0,0.0,LOW,2026-05-02,0.0,0.0,Stock 23; daily planning demand 8.25; lead 1 days; safety 6; failed replenishments 4
38229,2026-04-30,3,29,0,23,0,4,19,4,1,9.321428571428571,3.944556224662517,257,15.25,0.07142857142857142,8,9.857142857142858,SC-0029,Breakfast pack 8,1,1,1,2,162.0,132.84,10,Morning Mill,2,0.5357142857142865,9.857142857142858,10.0,30.0,99.0,80,2.0383141762452106,16.852459016393443,2523.96,0.0,0.0,False,Low Stock,Fast Moving,0.0,0.0,0.0,36.1,MEDIUM,2026-05-01,115.71428571428588,20.828571428571454,Stock 19; daily planning demand 9.86; lead 2 days; safety 10; failed replenishments 8
38230,2026-04-30,3,30,11,9,0,9,11,9,0,8.892857142857142,4.175229297001506,250,12.285714285714286,0.07142857142857142,3,8.714285714285714,SC-0030,Pantry pack 8,2,2,1,3,446.0,289.9,120,Grain Yard,3,-0.17857142857142883,8.892857142857142,12.0,39.0,101.0,90,1.2369477911646587,20.348837209302324,3188.8999999999996,0.0,0.0,False,Low Stock,Fast Moving,0.0,0.0,0.0,71.6,HIGH,2026-05-01,6992.642857142857,2447.425,Stock 11; daily planning demand 8.89; lead 3 days; safety 12; failed replenishments 3
38231,2026-04-30,3,31,0,11,0,4,7,4,0,8.857142857142858,4.248871621137788,227,10.857142857142858,0.17857142857142858,7,11.428571428571429,SC-0031,Home care pack 8,3,3,0,1,150.0,85.5,365,Everyday Works,5,2.571428571428571,11.428571428571429,16.0,74.0,154.0,147,0.7903225806451613,20.907894736842103,598.5,0.0,0.0,False,Low Stock,Fast Moving,0.0,0.0,0.0,90.4,CRITICAL,2026-04-30,7521.428571428572,3234.214285714286,Stock 7; daily planning demand 11.43; lead 5 days; safety 16; failed replenishments 7
38232,2026-04-30,3,32,21,0,0,4,17,4,0,7.142857142857143,3.545621041711673,201,16.535714285714285,0.0,7,6.0,SC-0032,Vegetable box 9,0,0,0,2,70.0,49.0,5,Harvest Circle,1,-1.1428571428571432,7.142857142857143,6.0,14.0,64.0,0,2.38,12.155507559395248,833.0,0.0,0.0,False,Healthy Stock,Fast Moving,0.0,0.0,0.0,0.0,LOW,2026-05-02,0.0,0.0,Stock 17; daily planning demand 7.14; lead 1 days; safety 6; failed replenishments 7
38233,2026-04-30,3,33,16,2,0,7,11,7,1,9.0,3.7515428924742515,240,12.214285714285714,0.10714285714285714,5,9.428571428571429,SC-0033,Breakfast pack 9,1,1,1,1,81.0,66.42,10,Morning Mill,2,0.4285714285714288,9.428571428571429,9.0,28.0,94.0,83,1.2222222222222223,19.649122807017545,730.62,0.0,0.0,False,Low Stock,Fast Moving,0.0,0.0,0.0,60.5,HIGH,2026-05-01,636.4285714285714,114.55714285714285,Stock 11; daily planning demand 9.43; lead 2 days; safety 9; failed replenishments 5
38234,2026-04-30,3,34,15,6,0,7,14,7,0,7.0,3.4641016151377544,199,13.892857142857142,0.0,2,8.0,SC-0034,Pantry pack 9,2,2,2,3,561.0,364.65,120,Grain Yard,3,1.0,8.0,10.0,34.0,90.0,76,2.0,14.323907455012854,5105.099999999999,0.0,0.0,False,Low Stock,Fast Moving,0.0,0.0,0.0,58.8,HIGH,2026-05-01,5610.0,1963.5000000000002,Stock 14; daily planning demand 8.00; lead 3 days; safety 10; failed replenishments 2
38235,2026-04-30,3,35,0,14,0,6,8,6,0,7.357142857142857,3.733871843247829,200,9.857142857142858,0.14285714285714285,6,8.142857142857142,SC-0035,Home care pack 9,3,3,0,2,300.0,171.0,365,Everyday Works,5,0.7857142857142856,8.142857142857142,14.0,55.0,112.0,104,1.087378640776699,20.289855072463766,1368.0,0.0,0.0,False,Low Stock,Fast Moving,0.0,0.0,0.0,85.4,CRITICAL,2026-04-30,9814.285714285712,4220.142857142856,Stock 8; daily planning demand 8.14; lead 5 days; safety 14; failed replenishments 6
38236,2026-04-30,3,36,20,3,0,5,18,5,0,7.0,3.6209268304000717,196,15.035714285714286,0.0,3,5.285714285714286,SC-0036,Vegetable box 10,0,0,2,1,60.0,42.0,5,Harvest Circle,1,-1.7142857142857144,7.0,6.0,13.0,62.0,0,2.5714285714285716,13.03562945368171,756.0,0.0,0.0,False,Healthy Stock,Fast Moving,0.0,0.0,0.0,0.0,LOW,2026-05-02,0.0,0.0,Stock 18; daily planning demand 7.00; lead 1 days; safety 6; failed replenishments 3
38237,2026-04-30,3,37,9,10,0,8,11,8,0,7.107142857142857,3.6549234750491846,204,12.571428571428571,0.0,3,8.285714285714286,SC-0037,Breakfast pack 10,1,1,2,1,102.0,83.64,10,Morning Mill,2,1.1785714285714297,8.285714285714286,9.0,26.0,84.0,73,1.5477386934673367,16.227272727272727,920.04,0.0,0.0,False,Low Stock,Fast Moving,0.0,0.0,0.0,57.0,HIGH,2026-05-01,568.2857142857144,102.2914285714286,Stock 11; daily planning demand 8.29; lead 2 days; safety 9; failed replenishments 3
38238,2026-04-30,3,38,7,6,0,6,7,6,0,7.785714285714286,3.083494204297538,207,8.821428571428571,0.17857142857142858,4,8.571428571428571,SC-0038,Pantry pack 10,2,2,0,2,220.0,143.0,120,Grain Yard,3,0.7857142857142856,8.571428571428571,9.0,35.0,95.0,88,0.8990825688073395,23.465587044534413,1001.0,0.0,0.0,False,Low Stock,Fast Moving,0.0,0.0,0.0,79.8,CRITICAL,2026-04-30,4117.142857142858,1441.0,Stock 7; daily planning demand 8.57; lead 3 days; safety 9; failed replenishments 4
38239,2026-04-30,3,39,4,6,0,6,4,6,0,6.535714285714286,2.4867373069671905,186,7.892857142857143,0.03571428571428571,1,6.142857142857143,SC-0039,Home care pack 10,3,3,1,3,608.0,346.56,365,Everyday Works,5,-0.39285714285714235,6.535714285714286,10.0,43.0,89.0,85,0.6120218579234973,23.565610859728505,1386.24,0.0,0.0,False,Low Stock,Fast Moving,0.0,0.0,0.0,90.6,CRITICAL,2026-04-30,17436.57142857143,7497.725714285715,Stock 4; daily planning demand 6.54; lead 5 days; safety 10; failed replenishments 1
38240,2026-04-30,4,0,353,132,0,163,322,163,1,151.25,27.274496295039956,4235,318.2857142857143,0.0,4,163.42857142857142,SC-0000,Vegetable box 1,0,0,0,1,35.0,24.5,5,Harvest Circle,1,12.178571428571416,163.42857142857142,46.0,210.0,1354.0,0,2.128925619834711,13.305655296229803,7889.0,0.0,0.0,False,Healthy Stock,Fast Moving,0.0,0.0,0.0,0.0,LOW,2026-05-01,0.0,0.0,Stock 322; daily planning demand 163.43; lead 1 days; safety 46; failed replenishments 4
38241,2026-04-30,4,1,225,90,0,98,217,98,0,103.0,17.064149119870734,2723,193.39285714285714,0.07142857142857142,7,103.71428571428571,SC-0001,Breakfast pack 1,1,1,2,3,306.0,250.92,10,Morning Mill,2,0.7142857142857082,103.71428571428571,40.0,248.0,974.0,757,2.1067961165048543,14.080147737765467,54449.64,0.0,0.0,False,Low Stock,Fast Moving,0.0,0.0,0.0,12.3,LOW,2026-05-02,0.0,0.0,Stock 217; daily planning demand 103.71; lead 2 days; safety 40; failed replenishments 7
38242,2026-04-30,4,2,181,0,0,91,90,91,0,83.21428571428571,19.372292437543734,2330,126.89285714285714,0.03571428571428571,6,88.28571428571429,SC-0002,Pantry pack 1,2,2,1,3,446.0,289.9,120,Grain Yard,3,5.071428571428584,88.28571428571429,56.0,321.0,939.0,849,1.0815450643776825,18.361947649873347,26090.999999999996,0.0,0.0,False,Low Stock,Fast Moving,0.0,0.0,0.0,72.0,HIGH,2026-05-01,77986.28571428572,27295.200000000008,Stock 90; daily planning demand 88.29; lead 3 days; safety 56; failed replenishments 6
38243,2026-04-30,4,3,85,0,0,69,16,69,0,66.57142857142857,10.031168357890252,1864,79.17857142857143,0.0,3,67.0,SC-0003,Home care pack 1,3,3,1,2,405.0,230.85,365,Everyday Works,5,0.4285714285714306,67.0,38.0,373.0,842.0,826,0.24034334763948498,23.541723049165537,3693.6,0.0,0.0,False,Low Stock,Fast Moving,0.0,0.0,0.0,95.7,CRITICAL,2026-04-30,129195.0,55553.85,Stock 16; daily planning demand 67.00; lead 5 days; safety 38; failed replenishments 3
38244,2026-04-30,4,4,121,55,0,56,120,56,0,53.0,11.224972160321824,1484,118.78571428571429,0.0,2,56.42857142857143,SC-0004,Vegetable box 2,0,0,1,1,47.0,32.9,5,Harvest Circle,1,3.4285714285714306,56.42857142857143,19.0,76.0,471.0,0,2.2641509433962264,12.493084786530366,3948.0,0.0,0.0,False,Healthy Stock,Fast Moving,0.0,0.0,0.0,0.0,LOW,2026-05-02,0.0,0.0,Stock 120; daily planning demand 56.43; lead 1 days; safety 19; failed replenishments 2
38245,2026-04-30,4,5,102,48,0,50,100,50,1,48.714285714285715,10.341778423094404,1432,80.17857142857143,0.03571428571428571,4,52.857142857142854,SC-0005,Breakfast pack 2,1,1,2,3,306.0,250.92,10,Morning Mill,2,4.142857142857139,52.857142857142854,25.0,131.0,501.0,401,2.0527859237536656,17.860133630289532,25092.0,0.0,0.0,False,Low Stock,Fast Moving,0.0,0.0,0.0,23.5,LOW,2026-05-01,1748.5714285714266,314.7428571428569,Stock 100; daily planning demand 52.86; lead 2 days; safety 25; failed replenishments 4
38246,2026-04-30,4,6,91,33,0,43,81,43,0,40.892857142857146,9.234954874518419,1145,68.25,0.0,2,44.714285714285715,SC-0006,Pantry pack 2,2,2,0,2,220.0,143.0,120,Grain Yard,3,3.8214285714285694,44.714285714285715,27.0,162.0,475.0,394,1.9807860262008732,16.776556776556777,11583.0,0.0,0.0,False,Low Stock,Fast Moving,0.0,0.0,0.0,49.7,MEDIUM,2026-05-01,11691.42857142857,4091.9999999999995,Stock 81; daily planning demand 44.71; lead 3 days; safety 27; failed replenishments 2
38247,2026-04-30,4,7,20,44,0,31,33,31,0,36.82142857142857,10.371090772407877,1016,40.92857142857143,0.07142857142857142,5,37.142857142857146,SC-0007,Home care pack 2,3,3,2,3,765.0,436.05,365,Everyday Works,5,0.3214285714285765,37.142857142857146,39.0,225.0,485.0,452,0.8962172647914647,24.82373472949389,14389.65,0.0,0.0,False,Low Stock,Fast Moving,0.0,0.0,0.0,85.3,CRITICAL,2026-04-30,116826.42857142858,50235.364285714284,Stock 33; daily planning demand 37.14; lead 5 days; safety 39; failed replenishments 5
38248,2026-04-30,4,8,71,0,0,33,38,33,0,34.107142857142854,10.071372283980953,947,59.75,0.03571428571428571,5,36.714285714285715,SC-0008,Vegetable box 3,0,0,0,3,105.0,73.5,5,Harvest Circle,1,2.607142857142861,36.714285714285715,17.0,54.0,311.0,273,1.1141361256544504,15.849372384937238,2793.0,0.0,0.0,False,Low Stock,Fast Moving,0.0,0.0,0.0,29.3,MEDIUM,2026-05-01,0.0,0.0,Stock 38; daily planning demand 36.71; lead 1 days; safety 17; failed replenishments 5
38249,2026-04-30,4,9,64,25,0,32,57,32,0,30.071428571428573,8.200851678573894,818,50.357142857142854,0.07142857142857142,2,28.714285714285715,SC-0009,Breakfast pack 3,1,1,0,3,180.0,147.6,10,Morning Mill,2,-1.3571428571428577,30.071428571428573,20.0,81.0,291.0,234,1.8954869358669832,16.243971631205675,8413.199999999999,0.0,0.0,False,Low Stock,Fast Moving,0.0,0.0,0.0,28.9,MEDIUM,2026-05-01,565.7142857142862,101.82857142857155,Stock 57; daily planning demand 30.07; lead 2 days; safety 20; failed replenishments 2
38250,2026-04-30,4,10,28,57,0,23,62,23,0,25.0,7.393691004272946,700,47.57142857142857,0.0,5,25.857142857142858,SC-0010,Pantry pack 3,2,2,1,3,446.0,289.9,120,Grain Yard,3,0.8571428571428577,25.857142857142858,22.0,100.0,281.0,219,2.48,14.714714714714715,17973.8,0.0,0.0,False,Low Stock,Fast Moving,0.0,0.0,0.0,37.7,MEDIUM,2026-05-02,6944.857142857142,2430.7,Stock 62; daily planning demand 25.86; lead 3 days; safety 22; failed replenishments 5
38251,2026-04-30,4,11,36,25,0,18,43,18,0,22.571428571428573,5.692285692243178,633,33.642857142857146,0.03571428571428571,3,22.571428571428573,SC-0011,Home care pack 3,3,3,2,1,255.0,145.35,365,Everyday Works,5,0.0,22.571428571428573,22.0,135.0,293.0,250,1.9050632911392404,18.81528662420382,6250.05,0.0,0.0,False,Low Stock,Fast Moving,0.0,0.0,0.0,68.1,HIGH,2026-05-01,17813.57142857143,7659.835714285715,Stock 43; daily planning demand 22.57; lead 5 days; safety 22; failed replenishments 3
38252,2026-04-30,4,12,49,22,0,25,46,25,0,20.392857142857142,6.261814230741556,573,46.642857142857146,0.0,6,21.0,SC-0012,Vegetable box 4,0,0,2,2,119.0,83.3,5,Harvest Circle,1,0.6071428571428577,21.0,11.0,32.0,179.0,0,2.25569176882662,12.284839203675343,3831.7999999999997,0.0,0.0,False,Healthy Stock,Fast Moving,0.0,0.0,0.0,0.0,LOW,2026-05-02,0.0,0.0,Stock 46; daily planning demand 21.00; lead 1 days; safety 11; failed replenishments 6
38253,2026-04-30,4,13,37,19,0,17,39,17,0,20.571428571428573,6.8498638614672425,588,37.142857142857146,0.0,4,18.142857142857142,SC-0013,Breakfast pack 4,1,1,2,2,204.0,167.28,10,Morning Mill,2,-2.4285714285714306,20.571428571428573,16.0,58.0,202.0,163,1.8958333333333333,15.83076923076923,6523.92,0.0,0.0,False,Low Stock,Fast Moving,0.0,0.0,0.0,31.8,MEDIUM,2026-05-01,437.1428571428578,78.6857142857144,Stock 39; daily planning demand 20.57; lead 2 days; safety 16; failed replenishments 4
38254,2026-04-30,4,14,0,0,0,0,0,17,0,19.392857142857142,5.964954973064578,525,29.392857142857142,0.07142857142857142,5,22.857142857142858,SC-0014,Pantry pack 4,2,2,2,2,374.0,243.1,120,Grain Yard,3,3.4642857142857153,22.857142857142858,18.0,87.0,247.0,247,0.0,17.861482381530983,0.0,0.0,0.0,False,Critical Stock,Fast Moving,0.0,0.0,0.0,100.0,CRITICAL,2026-04-30,25645.714285714286,8976.0,Stock 0; daily planning demand 22.86; lead 3 days; safety 18; failed replenishments 5
38255,2026-04-30,4,15,37,0,0,14,23,14,1,17.857142857142858,5.985874023957391,463,23.107142857142858,0.14285714285714285,8,16.857142857142858,SC-0015,Home care pack 4,3,3,2,1,255.0,145.35,365,Everyday Works,5,-1.0,17.857142857142858,23.0,113.0,238.0,215,1.288,20.037094281298298,3343.0499999999997,0.0,0.0,False,Low Stock,Fast Moving,0.0,0.0,0.0,79.5,CRITICAL,2026-05-01,16902.857142857145,7268.228571428573,Stock 23; daily planning demand 17.86; lead 5 days; safety 23; failed replenishments 8
38256,2026-04-30,4,16,44,0,0,15,29,15,0,16.035714285714285,5.1674346587432485,415,32.535714285714285,0.07142857142857142,6,18.571428571428573,SC-0016,Vegetable box 5,0,0,1,2,94.0,65.8,5,Harvest Circle,1,2.5357142857142883,18.571428571428573,9.0,28.0,158.0,0,1.8084632516703787,12.755214050493963,1908.1999999999998,0.0,0.0,False,Healthy Stock,Fast Moving,0.0,0.0,0.0,0.0,LOW,2026-05-01,0.0,0.0,Stock 29; daily planning demand 18.57; lead 1 days; safety 9; failed replenishments 6
38257,2026-04-30,4,17,39,12,0,20,31,20,0,16.25,5.474689235218947,454,27.964285714285715,0.03571428571428571,4,16.571428571428573,SC-0017,Breakfast pack 5,1,1,0,1,60.0,49.2,10,Morning Mill,2,0.32142857142857295,16.571428571428573,13.0,47.0,163.0,132,1.9076923076923078,16.23499361430396,1525.2,0.0,0.0,False,Low Stock,Fast Moving,0.0,0.0,0.0,32.8,MEDIUM,2026-05-01,128.57142857142875,23.14285714285717,Stock 31; daily planning demand 16.57; lead 2 days; safety 13; failed replenishments 4
38258,2026-04-30,4,18,11,32,0,20,23,16,0,15.785714285714286,6.20845983678509,435,23.0,0.07142857142857142,5,14.571428571428571,SC-0018,Pantry pack 5,2,2,2,3,561.0,364.65,120,Grain Yard,3,-1.2142857142857153,15.785714285714286,18.0,66.0,176.0,153,1.4570135746606334,18.91304347826087,8386.949999999999,0.0,0.0,False,Low Stock,Fast Moving,0.0,0.0,0.0,64.8,HIGH,2026-05-01,13664.357142857145,4782.5250000000015,Stock 23; daily planning demand 15.79; lead 3 days; safety 18; failed replenishments 5
38259,2026-04-30,4,19,30,13,0,13,30,13,0,14.464285714285714,3.68663394457191,415,14.714285714285714,0.07142857142857142,1,13.285714285714286,SC-0019,Home care pack 5,3,3,1,3,608.0,346.56,365,Everyday Works,5,-1.178571428571427,14.464285714285714,14.0,87.0,188.0,158,2.0740740740740744,28.203883495145632,10396.8,0.0,0.0,False,Low Stock,Fast Moving,0.0,0.0,0.0,65.2,HIGH,2026-05-02,25731.42857142857,11064.514285714286,Stock 30; daily planning demand 14.46; lead 5 days; safety 14; failed replenishments 1
38260,2026-04-30,4,20,30,13,0,6,37,6,0,13.107142857142858,4.0399787835369345,386,28.071428571428573,0.0,3,12.571428571428571,SC-0020,Vegetable box 6,0,0,1,3,142.0,99.4,5,Harvest Circle,1,-0.5357142857142865,13.107142857142858,7.0,21.0,112.0,0,2.8228882833787465,13.75063613231552,3677.8,0.0,0.0,False,Healthy Stock,Fast Moving,0.0,0.0,0.0,0.0,LOW,2026-05-02,0.0,0.0,Stock 37; daily planning demand 13.11; lead 1 days; safety 7; failed replenishments 3
38261,2026-04-30,4,21,22,15,0,10,27,10,0,11.964285714285714,4.977595305612443,336,23.071428571428573,0.0,4,13.142857142857142,SC-0021,Breakfast pack 6,1,1,1,3,243.0,199.26,10,Morning Mill,2,1.1785714285714288,13.142857142857142,12.0,39.0,131.0,104,2.256716417910448,14.563467492260061,5380.0199999999995,0.0,0.0,False,Low Stock,Fast Moving,0.0,0.0,0.0,29.5,MEDIUM,2026-05-02,0.0,0.0,Stock 27; daily planning demand 13.14; lead 2 days; safety 12; failed replenishments 4
38262,2026-04-30,4,22,19,12,0,14,17,14,0,11.571428571428571,3.938683474617821,330,22.107142857142858,0.0,4,13.428571428571429,SC-0022,Pantry pack 6,2,2,0,2,220.0,143.0,120,Grain Yard,3,1.8571428571428577,13.428571428571429,12.0,53.0,147.0,130,1.4691358024691359,14.927302100161551,2431.0,0.0,0.0,False,Low Stock,Fast Moving,0.0,0.0,0.0,67.5,HIGH,2026-05-01,5122.857142857142,1793.0,Stock 17; daily planning demand 13.43; lead 3 days; safety 12; failed replenishments 4
38263,2026-04-30,4,23,9,18,0,16,11,16,0,11.964285714285714,5.073402998916801,335,14.428571428571429,0.07142857142857142,3,13.714285714285714,SC-0023,Home care pack 6,3,3,2,3,765.0,436.05,365,Everyday Works,5,1.75,13.714285714285714,19.0,88.0,184.0,173,0.9194029850746269,23.217821782178216,4796.55,0.0,0.0,False,Low Stock,Fast Moving,0.0,0.0,0.0,87.4,CRITICAL,2026-04-30,44042.142857142855,18938.121428571427,Stock 11; daily planning demand 13.71; lead 5 days; safety 19; failed replenishments 3
38264,2026-04-30,4,24,15,20,0,10,25,10,0,10.285714285714286,3.660167400109645,288,22.392857142857142,0.0,6,10.857142857142858,SC-0024,Vegetable box 7,0,0,2,2,119.0,83.3,5,Harvest Circle,1,0.5714285714285712,10.857142857142858,7.0,18.0,94.0,0,2.4305555555555554,12.861244019138756,2082.5,0.0,0.0,False,Healthy Stock,Fast Moving,0.0,0.0,0.0,0.0,LOW,2026-05-02,0.0,0.0,Stock 25; daily planning demand 10.86; lead 1 days; safety 7; failed replenishments 6
38265,2026-04-30,4,25,9,25,0,13,21,13,0,11.25,3.8741785270246982,315,18.214285714285715,0.0,5,13.142857142857142,SC-0025,Breakfast pack 7,1,1,1,1,81.0,66.42,10,Morning Mill,2,1.8928571428571423,13.142857142857142,10.0,37.0,129.0,108,1.8666666666666667,17.294117647058822,1394.82,0.0,0.0,False,Low Stock,Fast Moving,0.0,0.0,0.0,42.1,MEDIUM,2026-05-01,428.14285714285705,77.06571428571426,Stock 21; daily planning demand 13.14; lead 2 days; safety 10; failed replenishments 5
38266,2026-04-30,4,26,23,10,0,6,27,6,0,10.678571428571429,4.190408549237629,299,13.892857142857142,0.03571428571428571,3,9.142857142857142,SC-0026,Pantry pack 7,2,2,1,3,446.0,289.9,120,Grain Yard,3,-1.5357142857142865,10.678571428571429,12.0,45.0,119.0,92,2.528428093645485,21.52185089974293,7827.299999999999,0.0,0.0,False,Low Stock,Fast Moving,0.0,0.0,0.0,38.7,MEDIUM,2026-05-02,2245.928571428571,786.0749999999999,Stock 27; daily planning demand 10.68; lead 3 days; safety 12; failed replenishments 3
38267,2026-04-30,4,27,1,14,0,15,0,16,0,10.035714285714286,3.94857820503404,280,13.107142857142858,0.07142857142857142,2,12.285714285714286,SC-0027,Home care pack 7,3,3,2,2,510.0,290.7,365,Everyday Works,5,2.25,12.285714285714286,15.0,77.0,163.0,163,0.0,21.362397820163487,0.0,0.0,0.0,False,Critical Stock,Fast Moving,0.0,0.0,0.0,100.0,CRITICAL,2026-04-30,31328.57142857143,13471.285714285716,Stock 0; daily planning demand 12.29; lead 5 days; safety 15; failed replenishments 2
38268,2026-04-30,4,28,22,8,0,9,21,9,0,9.785714285714286,5.123346294042327,272,18.285714285714285,0.03571428571428571,6,12.285714285714286,SC-0028,Vegetable box 8,0,0,1,1,47.0,32.9,5,Harvest Circle,1,2.5,12.285714285714286,9.0,22.0,108.0,87,2.145985401459854,14.875,690.9,0.0,0.0,False,Low Stock,Fast Moving,0.0,0.0,0.0,1.3,LOW,2026-05-01,0.0,0.0,Stock 21; daily planning demand 12.29; lead 1 days; safety 9; failed replenishments 6
38269,2026-04-30,4,29,21,6,0,7,20,7,0,8.285714285714286,3.808928524918328,232,18.285714285714285,0.0,2,8.571428571428571,SC-0029,Breakfast pack 8,1,1,1,2,162.0,132.84,10,Morning Mill,2,0.2857142857142847,8.571428571428571,9.0,27.0,87.0,67,2.413793103448276,12.6875,2656.8,0.0,0.0,False,Low Stock,Fast Moving,0.0,0.0,0.0,23.5,LOW,2026-05-02,0.0,0.0,Stock 20; daily planning demand 8.57; lead 2 days; safety 9; failed replenishments 2
38270,2026-04-30,4,30,15,10,0,6,19,6,0,7.892857142857143,2.793368943213562,212,15.857142857142858,0.07142857142857142,4,8.142857142857142,SC-0030,Pantry pack 8,2,2,1,3,446.0,289.9,120,Grain Yard,3,0.2499999999999991,8.142857142857142,8.0,33.0,90.0,71,2.4072398190045248,13.36936936936937,5508.099999999999,0.0,0.0,False,Low Stock,Fast Moving,0.0,0.0,0.0,41.4,MEDIUM,2026-05-02,2421.1428571428564,847.3999999999999,Stock 19; daily planning demand 8.14; lead 3 days; safety 8; failed replenishments 4
38271,2026-04-30,4,31,3,14,0,12,5,11,0,9.285714285714286,4.462661080044497,238,10.75,0.14285714285714285,5,12.0,SC-0031,Home care pack 8,3,3,0,1,150.0,85.5,365,Everyday Works,5,2.7142857142857135,12.0,17.0,77.0,161.0,156,0.5384615384615384,22.13953488372093,427.5,0.0,0.0,False,Low Stock,Fast Moving,0.0,0.0,0.0,93.5,CRITICAL,2026-04-30,8250.0,3547.5,Stock 5; daily planning demand 12.00; lead 5 days; safety 17; failed replenishments 5
38272,2026-04-30,4,32,20,6,0,9,17,9,0,8.964285714285714,4.004461797259937,252,15.678571428571429,0.0,5,9.0,SC-0032,Vegetable box 9,0,0,0,2,70.0,49.0,5,Harvest Circle,1,0.035714285714286476,9.0,7.0,16.0,79.0,0,1.8964143426294822,16.072892938496583,833.0,0.0,0.0,False,Healthy Stock,Fast Moving,0.0,0.0,0.0,0.0,LOW,2026-05-01,0.0,0.0,Stock 17; daily planning demand 9.00; lead 1 days; safety 7; failed replenishments 5
38273,2026-04-30,4,33,4,20,0,9,15,9,0,7.642857142857143,3.592319850008056,214,13.928571428571429,0.0,5,9.0,SC-0033,Breakfast pack 9,1,1,1,1,81.0,66.42,10,Morning Mill,2,1.3571428571428568,9.0,9.0,27.0,90.0,75,1.9626168224299065,15.364102564102565,996.3000000000001,0.0,0.0,False,Low Stock,Fast Moving,0.0,0.0,0.0,44.4,MEDIUM,2026-05-01,243.0,43.739999999999995,Stock 15; daily planning demand 9.00; lead 2 days; safety 9; failed replenishments 5
38274,2026-04-30,4,34,14,6,0,2,18,2,0,6.464285714285714,3.2258463472528653,185,15.5,0.0,3,7.285714285714286,SC-0034,Pantry pack 9,2,2,2,3,561.0,364.65,120,Grain Yard,3,0.8214285714285712,7.285714285714286,10.0,32.0,83.0,65,2.7845303867403315,11.935483870967742,6563.7,0.0,0.0,False,Low Stock,Fast Moving,0.0,0.0,0.0,43.5,MEDIUM,2026-05-02,2163.857142857143,757.3500000000001,Stock 18; daily planning demand 7.29; lead 3 days; safety 10; failed replenishments 3
38275,2026-04-30,4,35,15,3,0,3,15,3,0,6.785714285714286,3.0472470011002204,191,9.75,0.03571428571428571,5,5.714285714285714,SC-0035,Home care pack 9,3,3,0,2,300.0,171.0,365,Everyday Works,5,-1.0714285714285712,6.785714285714286,12.0,46.0,94.0,79,2.210526315789474,19.58974358974359,2565.0,0.0,0.0,False,Low Stock,Fast Moving,0.0,0.0,0.0,67.3,HIGH,2026-05-02,5678.571428571429,2441.7857142857147,Stock 15; daily planning demand 6.79; lead 5 days; safety 12; failed replenishments 5
38276,2026-04-30,4,36,18,5,0,10,13,10,1,7.357142857142857,3.434188520400532,206,14.5,0.0,5,8.0,SC-0036,Vegetable box 10,0,0,2,1,60.0,42.0,5,Harvest Circle,1,0.6428571428571432,8.0,6.0,14.0,70.0,57,1.766990291262136,14.206896551724139,546.0,0.0,0.0,False,Low Stock,Fast Moving,0.0,0.0,0.0,7.1,LOW,2026-05-01,0.0,0.0,Stock 13; daily planning demand 8.00; lead 1 days; safety 6; failed replenishments 5
38277,2026-04-30,4,37,19,0,0,7,12,7,0,7.535714285714286,3.4154566188642943,197,12.571428571428571,0.07142857142857142,4,7.0,SC-0037,Breakfast pack 10,1,1,2,1,102.0,83.64,10,Morning Mill,2,-0.5357142857142856,7.535714285714286,8.0,24.0,76.0,64,1.5924170616113744,15.670454545454545,1003.6800000000001,0.0,0.0,False,Low Stock,Fast Moving,0.0,0.0,0.0,48.0,MEDIUM,2026-05-01,313.2857142857143,56.39142857142856,Stock 12; daily planning demand 7.54; lead 2 days; safety 8; failed replenishments 4
38278,2026-04-30,4,38,9,8,0,10,7,10,0,6.964285714285714,3.271449365706422,191,10.285714285714286,0.07142857142857142,5,7.0,SC-0038,Pantry pack 10,2,2,0,2,220.0,143.0,120,Grain Yard,3,0.03571428571428559,7.0,10.0,31.0,80.0,73,1.005128205128205,18.569444444444443,1001.0,0.0,0.0,False,Low Stock,Fast Moving,0.0,0.0,0.0,77.4,CRITICAL,2026-05-01,3080.0,1078.0,Stock 7; daily planning demand 7.00; lead 3 days; safety 10; failed replenishments 5
38279,2026-04-30,4,39,10,8,0,8,10,8,0,5.928571428571429,3.054184396535731,167,10.928571428571429,0.03571428571428571,2,6.0,SC-0039,Home care pack 10,3,3,1,3,608.0,346.56,365,Everyday Works,5,0.07142857142857117,6.0,12.0,42.0,84.0,74,1.686746987951807,15.281045751633986,3465.6,0.0,0.0,False,Low Stock,Fast Moving,0.0,0.0,0.0,76.2,CRITICAL,2026-05-01,12160.0,5228.8,Stock 10; daily planning demand 6.00; lead 5 days; safety 12; failed replenishments 2
38280,2026-04-30,5,0,329,156,0,126,359,126,0,149.39285714285714,19.98580845706622,4034,288.0357142857143,0.07142857142857142,5,153.42857142857142,SC-0000,Vegetable box 1,0,0,0,1,35.0,24.5,5,Harvest Circle,1,4.035714285714278,153.42857142857142,33.0,187.0,1261.0,0,2.4030600047812576,14.005207687538748,8795.5,0.0,0.0,False,Healthy Stock,Fast Moving,0.0,0.0,0.0,0.0,LOW,2026-05-02,0.0,0.0,Stock 359; daily planning demand 153.43; lead 1 days; safety 33; failed replenishments 5
38281,2026-04-30,5,1,248,100,0,90,258,90,0,105.32142857142857,15.403351178014072,2949,210.71428571428572,0.0,2,101.0,SC-0001,Breakfast pack 1,1,1,2,3,306.0,250.92,10,Morning Mill,2,-4.321428571428569,105.32142857142857,36.0,247.0,984.0,0,2.449643947100712,13.995254237288135,64737.35999999999,0.0,0.0,False,Healthy Stock,Fast Moving,0.0,0.0,0.0,0.0,LOW,2026-05-02,0.0,0.0,Stock 258; daily planning demand 105.32; lead 2 days; safety 36; failed replenishments 2
38282,2026-04-30,5,2,176,66,0,65,177,65,0,81.89285714285714,15.392011602257227,2295,137.92857142857142,0.0,4,80.28571428571429,SC-0002,Pantry pack 1,2,2,1,3,446.0,289.9,120,Grain Yard,3,-1.607142857142847,81.89285714285714,44.0,290.0,863.0,686,2.1613606628870476,16.639047125841536,51312.299999999996,0.0,0.0,False,Low Stock,Fast Moving,0.0,0.0,0.0,38.9,MEDIUM,2026-05-02,30630.64285714285,10720.725,Stock 177; daily planning demand 81.89; lead 3 days; safety 44; failed replenishments 4
38283,2026-04-30,5,3,74,69,0,58,85,58,0,66.17857142857143,13.542945605051202,1784,94.39285714285714,0.07142857142857142,4,66.57142857142857,SC-0003,Home care pack 1,3,3,1,2,405.0,230.85,365,Everyday Works,5,0.3928571428571388,66.57142857142857,50.0,383.0,849.0,764,1.2844036697247707,18.89973514945138,19622.25,0.0,0.0,False,Low Stock,Fast Moving,0.0,0.0,0.0,77.8,CRITICAL,2026-05-01,100382.14285714284,43164.32142857143,Stock 85; daily planning demand 66.57; lead 5 days; safety 50; failed replenishments 4
38284,2026-04-30,5,4,131,45,0,65,111,65,0,54.17857142857143,10.86296314335864,1575,114.85714285714286,0.0,3,59.285714285714285,SC-0004,Vegetable box 2,0,0,1,1,47.0,32.9,5,Harvest Circle,1,5.107142857142854,59.285714285714285,18.0,78.0,493.0,0,2.048780487804878,13.712686567164178,3651.8999999999996,0.0,0.0,False,Healthy Stock,Fast Moving,0.0,0.0,0.0,0.0,LOW,2026-05-01,0.0,0.0,Stock 111; daily planning demand 59.29; lead 1 days; safety 18; failed replenishments 3
38285,2026-04-30,5,5,109,42,0,40,111,40,0,45.214285714285715,10.556223871909049,1266,96.60714285714286,0.0,0,45.285714285714285,SC-0005,Breakfast pack 2,1,1,2,3,306.0,250.92,10,Morning Mill,2,0.0714285714285694,45.285714285714285,25.0,116.0,433.0,322,2.4549763033175354,13.104621072088724,27852.12,0.0,0.0,False,Low Stock,Fast Moving,0.0,0.0,0.0,4.0,LOW,2026-05-02,0.0,0.0,Stock 111; daily planning demand 45.29; lead 2 days; safety 25; failed replenishments 0
38286,2026-04-30,5,6,83,34,0,48,69,48,0,41.392857142857146,9.488157475249464,1159,70.14285714285714,0.0,1,44.57142857142857,SC-0006,Pantry pack 2,2,2,0,2,220.0,143.0,120,Grain Yard,3,3.1785714285714235,44.57142857142857,28.0,162.0,474.0,405,1.6669542709232095,16.523421588594704,9867.0,0.0,0.0,False,Low Stock,Fast Moving,0.0,0.0,0.0,57.3,HIGH,2026-05-01,14237.142857142859,4983.000000000001,Stock 69; daily planning demand 44.57; lead 3 days; safety 28; failed replenishments 1
38287,2026-04-30,5,7,68,40,0,37,71,37,0,34.107142857142854,7.365280340717147,954,55.357142857142854,0.03571428571428571,3,32.285714285714285,SC-0007,Home care pack 2,3,3,2,3,765.0,436.05,365,Everyday Works,5,-1.8214285714285694,34.107142857142854,28.0,199.0,438.0,367,2.0816753926701574,17.233548387096775,30959.55,0.0,0.0,False,Low Stock,Fast Moving,0.0,0.0,0.0,64.2,HIGH,2026-05-02,76144.82142857142,32742.27321428571,Stock 71; daily planning demand 34.11; lead 5 days; safety 28; failed replenishments 3
38288,2026-04-30,5,8,47,55,0,27,75,27,0,31.785714285714285,7.690095326949213,890,68.53571428571429,0.0,2,30.285714285714285,SC-0008,Vegetable box 3,0,0,0,3,105.0,73.5,5,Harvest Circle,1,-1.5,31.785714285714285,13.0,45.0,268.0,0,2.359550561797753,12.985930171964563,5512.5,0.0,0.0,False,Healthy Stock,Fast Moving,0.0,0.0,0.0,0.0,LOW,2026-05-02,0.0,0.0,Stock 75; daily planning demand 31.79; lead 1 days; safety 13; failed replenishments 2
38289,2026-04-30,5,9,65,27,0,32,60,32,0,27.035714285714285,5.5208838721855695,757,58.892857142857146,0.0,2,26.142857142857142,SC-0009,Breakfast pack 3,1,1,0,3,180.0,147.6,10,Morning Mill,2,-0.8928571428571423,27.035714285714285,13.0,68.0,257.0,197,2.2192866578599735,12.853850818677985,8856.0,0.0,0.0,False,Low Stock,Fast Moving,0.0,0.0,0.0,10.5,LOW,2026-05-02,0.0,0.0,Stock 60; daily planning demand 27.04; lead 2 days; safety 13; failed replenishments 2
38290,2026-04-30,5,10,3,70,0,42,31,42,0,28.178571428571427,6.661406655079588,787,37.75,0.03571428571428571,5,31.571428571428573,SC-0010,Pantry pack 3,2,2,1,3,446.0,289.9,120,Grain Yard,3,3.392857142857146,31.571428571428573,20.0,115.0,336.0,305,1.100126742712294,20.8476821192053,8986.9,0.0,0.0,False,Low Stock,Fast Moving,0.0,0.0,0.0,73.0,HIGH,2026-04-30,28416.57142857143,9945.800000000003,Stock 31; daily planning demand 31.57; lead 3 days; safety 20; failed replenishments 5
38291,2026-04-30,5,11,23,30,0,19,34,19,0,23.857142857142858,6.102302453836194,657,30.535714285714285,0.03571428571428571,4,24.285714285714285,SC-0011,Home care pack 3,3,3,2,1,255.0,145.35,365,Everyday Works,5,0.42857142857142705,24.285714285714285,23.0,145.0,315.0,281,1.4251497005988023,21.51578947368421,4941.9,0.0,0.0,False,Low Stock,Fast Moving,0.0,0.0,0.0,76.5,CRITICAL,2026-05-01,22294.28571428571,9586.542857142857,Stock 34; daily planning demand 24.29; lead 5 days; safety 23; failed replenishments 4
38292,2026-04-30,5,12,52,0,0,18,34,18,0,21.571428571428573,6.220804827223943,604,47.607142857142854,0.0,3,19.857142857142858,SC-0012,Vegetable box 4,0,0,2,2,119.0,83.3,5,Harvest Circle,1,-1.7142857142857153,21.571428571428573,11.0,33.0,184.0,0,1.5761589403973508,12.687171792948238,2832.2,0.0,0.0,False,Healthy Stock,Fast Moving,0.0,0.0,0.0,0.0,LOW,2026-05-01,0.0,0.0,Stock 34; daily planning demand 21.57; lead 1 days; safety 11; failed replenishments 3
38293,2026-04-30,5,13,44,17,0,30,31,30,0,21.464285714285715,6.784962364355036,601,38.392857142857146,0.0,2,21.285714285714285,SC-0013,Breakfast pack 4,1,1,2,2,204.0,167.28,10,Morning Mill,2,-0.1785714285714306,21.464285714285715,16.0,59.0,210.0,179,1.444259567387687,15.653953488372093,5185.68,0.0,0.0,False,Low Stock,Fast Moving,0.0,0.0,0.0,47.4,MEDIUM,2026-05-01,2433.428571428572,438.0171428571429,Stock 31; daily planning demand 21.46; lead 2 days; safety 16; failed replenishments 2
38294,2026-04-30,5,14,43,11,0,13,41,13,0,16.821428571428573,5.8881775551213575,471,40.142857142857146,0.0,0,15.428571428571429,SC-0014,Pantry pack 4,2,2,2,2,374.0,243.1,120,Grain Yard,3,-1.3928571428571441,16.821428571428573,17.0,68.0,186.0,145,2.4373673036093417,11.733096085409251,9967.1,0.0,0.0,False,Low Stock,Fast Moving,0.0,0.0,0.0,39.2,MEDIUM,2026-05-02,3539.64285714286,1238.8750000000011,Stock 41; daily planning demand 16.82; lead 3 days; safety 17; failed replenishments 0
38295,2026-04-30,5,15,0,22,0,19,3,19,0,20.035714285714285,5.1242498483130685,522,17.964285714285715,0.17857142857142858,2,21.0,SC-0015,Home care pack 4,3,3,2,1,255.0,145.35,365,Everyday Works,5,0.9642857142857153,21.0,19.0,124.0,271.0,268,0.14973262032085563,29.05765407554672,436.04999999999995,0.0,0.0,False,Low Stock,Fast Moving,0.0,0.0,0.0,97.6,CRITICAL,2026-04-30,26010.0,11184.300000000001,Stock 3; daily planning demand 21.00; lead 5 days; safety 19; failed replenishments 2
38296,2026-04-30,5,16,41,12,0,27,26,27,0,16.107142857142858,5.513211645266545,451,35.32142857142857,0.0,3,15.285714285714286,SC-0016,Vegetable box 5,0,0,1,2,94.0,65.8,5,Harvest Circle,1,-0.8214285714285712,16.107142857142858,10.0,27.0,139.0,113,1.614190687361419,12.76845298281092,1710.8,0.0,0.0,False,Low Stock,Fast Moving,0.0,0.0,0.0,0.4,LOW,2026-05-01,0.0,0.0,Stock 26; daily planning demand 16.11; lead 1 days; safety 10; failed replenishments 3
38297,2026-04-30,5,17,39,10,0,16,33,16,0,16.035714285714285,5.00726984720729,449,30.142857142857142,0.0,1,17.857142857142858,SC-0017,Breakfast pack 5,1,1,0,1,60.0,49.2,10,Morning Mill,2,1.821428571428573,17.857142857142858,12.0,48.0,173.0,140,2.0579064587973277,14.895734597156398,1623.6000000000001,0.0,0.0,False,Low Stock,Fast Moving,0.0,0.0,0.0,30.8,MEDIUM,2026-05-01,162.85714285714292,29.314285714285717,Stock 33; daily planning demand 17.86; lead 2 days; safety 12; failed replenishments 1
38298,2026-04-30,5,18,19,20,0,16,23,16,0,13.857142857142858,5.569189619313838,388,28.642857142857142,0.0,2,16.428571428571427,SC-0018,Pantry pack 5,2,2,2,3,561.0,364.65,120,Grain Yard,3,2.5714285714285694,16.428571428571427,16.0,66.0,181.0,158,1.6597938144329896,13.546134663341647,8386.949999999999,0.0,0.0,False,Low Stock,Fast Moving,0.0,0.0,0.0,64.8,HIGH,2026-05-01,14746.28571428571,5161.199999999999,Stock 23; daily planning demand 16.43; lead 3 days; safety 16; failed replenishments 2
38299,2026-04-30,5,19,26,15,0,17,24,17,0,12.178571428571429,3.9819367280031095,361,26.214285714285715,0.03571428571428571,1,13.428571428571429,SC-0019,Home care pack 5,3,3,1,3,608.0,346.56,365,Everyday Works,5,1.25,13.428571428571429,15.0,83.0,177.0,153,1.970674486803519,13.771117166212534,8317.44,0.0,0.0,False,Low Stock,Fast Moving,0.0,0.0,0.0,70.8,HIGH,2026-05-01,26230.85714285714,11279.26857142857,Stock 24; daily planning demand 13.43; lead 5 days; safety 15; failed replenishments 1
38300,2026-04-30,5,20,24,19,0,17,26,17,0,12.964285714285714,5.343616079419704,363,29.107142857142858,0.0,2,14.0,SC-0020,Vegetable box 6,0,0,1,3,142.0,99.4,5,Harvest Circle,1,1.0357142857142865,14.0,9.0,23.0,121.0,0,2.0055096418732785,12.471165644171778,2584.4,0.0,0.0,False,Healthy Stock,Fast Moving,0.0,0.0,0.0,0.0,LOW,2026-05-01,0.0,0.0,Stock 26; daily planning demand 14.00; lead 1 days; safety 9; failed replenishments 2
38301,2026-04-30,5,21,22,0,0,8,14,8,0,13.892857142857142,5.915073561511744,389,21.178571428571427,0.0,3,11.571428571428571,SC-0021,Breakfast pack 6,1,1,1,3,243.0,199.26,10,Morning Mill,2,-2.321428571428571,13.892857142857142,14.0,42.0,140.0,126,1.0077120822622108,18.36762225969646,2789.64,0.0,0.0,False,Low Stock,Fast Moving,0.0,0.0,0.0,66.5,HIGH,2026-05-01,3349.928571428571,602.9871428571429,Stock 14; daily planning demand 13.89; lead 2 days; safety 14; failed replenishments 3
38302,2026-04-30,5,22,25,10,0,15,20,15,0,11.785714285714286,3.348378743756478,330,22.071428571428573,0.0,3,12.428571428571429,SC-0022,Pantry pack 6,2,2,0,2,220.0,143.0,120,Grain Yard,3,0.6428571428571423,12.428571428571429,10.0,48.0,135.0,115,1.6969696969696968,14.95145631067961,2860.0,0.0,0.0,False,Low Stock,Fast Moving,0.0,0.0,0.0,57.7,HIGH,2026-05-01,3802.8571428571427,1331.0,Stock 20; daily planning demand 12.43; lead 3 days; safety 10; failed replenishments 3
38303,2026-04-30,5,23,5,19,0,8,16,8,0,11.428571428571429,4.434114980621912,320,15.785714285714286,0.0,0,12.714285714285714,SC-0023,Home care pack 6,3,3,2,3,765.0,436.05,365,Everyday Works,5,1.2857142857142847,12.714285714285714,17.0,81.0,170.0,154,1.4,20.271493212669682,6976.8,0.0,0.0,False,Low Stock,Fast Moving,0.0,0.0,0.0,80.1,CRITICAL,2026-05-01,36392.142857142855,15648.621428571427,Stock 16; daily planning demand 12.71; lead 5 days; safety 17; failed replenishments 0
38304,2026-04-30,5,24,21,14,0,9,26,9,0,10.214285714285714,3.3813994785979418,286,23.821428571428573,0.0,3,10.857142857142858,SC-0024,Vegetable box 7,0,0,2,2,119.0,83.3,5,Harvest Circle,1,0.6428571428571441,10.857142857142858,6.0,17.0,93.0,0,2.545454545454546,12.00599700149925,2165.7999999999997,0.0,0.0,False,Healthy Stock,Fast Moving,0.0,0.0,0.0,0.0,LOW,2026-05-02,0.0,0.0,Stock 26; daily planning demand 10.86; lead 1 days; safety 6; failed replenishments 3
38305,2026-04-30,5,25,20,3,0,8,15,8,0,8.857142857142858,3.7977994185159942,248,23.178571428571427,0.0,3,10.714285714285714,SC-0025,Breakfast pack 7,1,1,1,1,81.0,66.42,10,Morning Mill,2,1.8571428571428559,10.714285714285714,9.0,31.0,106.0,91,1.693548387096774,10.69953775038521,996.3000000000001,0.0,0.0,False,Low Stock,Fast Moving,0.0,0.0,0.0,50.7,HIGH,2026-05-01,520.7142857142856,93.7285714285714,Stock 15; daily planning demand 10.71; lead 2 days; safety 9; failed replenishments 3
38306,2026-04-30,5,26,24,2,0,6,20,6,0,9.214285714285714,4.193090814901411,258,19.964285714285715,0.0,3,8.571428571428571,SC-0026,Pantry pack 7,2,2,1,3,446.0,289.9,120,Grain Yard,3,-0.6428571428571423,9.214285714285714,12.0,40.0,105.0,85,2.170542635658915,12.923076923076922,5798.0,0.0,0.0,False,Low Stock,Fast Moving,0.0,0.0,0.0,49.5,MEDIUM,2026-05-02,3408.714285714284,1193.0499999999995,Stock 20; daily planning demand 9.21; lead 3 days; safety 12; failed replenishments 3
38307,2026-04-30,5,27,6,12,0,15,3,15,0,10.714285714285714,3.089494059708409,286,10.321428571428571,0.14285714285714285,4,11.0,SC-0027,Home care pack 7,3,3,2,2,510.0,290.7,365,Everyday Works,5,0.2857142857142865,11.0,12.0,67.0,144.0,141,0.28,27.709342560553633,872.0999999999999,0.0,0.0,False,Low Stock,Fast Moving,0.0,0.0,0.0,95.5,CRITICAL,2026-04-30,26520.0,11403.6,Stock 3; daily planning demand 11.00; lead 5 days; safety 12; failed replenishments 4
38308,2026-04-30,5,28,26,4,0,15,15,15,0,8.321428571428571,3.9632905467139246,233,20.892857142857142,0.0,2,8.428571428571429,SC-0028,Vegetable box 8,0,0,1,1,47.0,32.9,5,Harvest Circle,1,0.10714285714285765,8.428571428571429,7.0,16.0,75.0,60,1.8025751072961373,11.152136752136752,493.5,0.0,0.0,False,Low Stock,Fast Moving,0.0,0.0,0.0,2.8,LOW,2026-05-01,0.0,0.0,Stock 15; daily planning demand 8.43; lead 1 days; safety 7; failed replenishments 2
38309,2026-04-30,5,29,25,0,0,17,8,17,1,8.142857142857142,3.6789117323457945,228,19.142857142857142,0.0,5,9.714285714285714,SC-0029,Breakfast pack 8,1,1,1,2,162.0,132.84,10,Morning Mill,2,1.5714285714285712,9.714285714285714,9.0,29.0,97.0,89,0.9824561403508772,11.91044776119403,1062.72,0.0,0.0,False,Low Stock,Fast Moving,0.0,0.0,0.0,71.9,HIGH,2026-04-30,1851.428571428571,333.25714285714275,Stock 8; daily planning demand 9.71; lead 2 days; safety 9; failed replenishments 5
38310,2026-04-30,5,30,16,7,0,4,19,4,0,8.392857142857142,3.4355363559290213,234,12.928571428571429,0.07142857142857142,8,7.285714285714286,SC-0030,Pantry pack 8,2,2,1,3,446.0,289.9,120,Grain Yard,3,-1.1071428571428568,8.392857142857142,10.0,36.0,94.0,75,2.2638297872340427,18.099447513812155,5508.099999999999,0.0,0.0,False,Low Stock,Fast Moving,0.0,0.0,0.0,46.0,MEDIUM,2026-05-02,2755.6428571428564,964.4749999999999,Stock 19; daily planning demand 8.39; lead 3 days; safety 10; failed replenishments 8
38311,2026-04-30,5,31,22,13,0,14,21,14,0,7.75,4.452423393397586,219,13.964285714285714,0.07142857142857142,2,7.142857142857143,SC-0031,Home care pack 8,3,3,0,1,150.0,85.5,365,Everyday Works,5,-0.6071428571428568,7.75,17.0,56.0,110.0,89,2.7096774193548385,15.682864450127878,1795.5,0.0,0.0,False,Low Stock,Fast Moving,0.0,0.0,0.0,62.3,HIGH,2026-05-02,2662.5,1144.875,Stock 21; daily planning demand 7.75; lead 5 days; safety 17; failed replenishments 2
38312,2026-04-30,5,32,21,5,0,6,20,6,0,7.321428571428571,2.816006779092369,205,18.464285714285715,0.0,1,7.142857142857143,SC-0032,Vegetable box 9,0,0,0,2,70.0,49.0,5,Harvest Circle,1,-0.17857142857142794,7.321428571428571,5.0,13.0,64.0,0,2.731707317073171,11.102514506769825,980.0,0.0,0.0,False,Healthy Stock,Fast Moving,0.0,0.0,0.0,0.0,LOW,2026-05-02,0.0,0.0,Stock 20; daily planning demand 7.32; lead 1 days; safety 5; failed replenishments 1
38313,2026-04-30,5,33,17,9,0,8,18,8,0,6.035714285714286,2.574549839934523,169,17.285714285714285,0.0,5,7.142857142857143,SC-0033,Breakfast pack 9,1,1,1,1,81.0,66.42,10,Morning Mill,2,1.1071428571428577,7.142857142857143,7.0,22.0,72.0,54,2.9822485207100593,9.776859504132233,1195.56,0.0,0.0,False,Low Stock,Fast Moving,0.0,0.0,0.0,15.4,LOW,2026-05-02,0.0,0.0,Stock 18; daily planning demand 7.14; lead 2 days; safety 7; failed replenishments 5
38314,2026-04-30,5,34,14,0,0,14,0,14,0,7.857142857142857,3.251373336211726,217,12.107142857142858,0.07142857142857142,5,8.714285714285714,SC-0034,Pantry pack 9,2,2,2,3,561.0,364.65,120,Grain Yard,3,0.8571428571428568,8.714285714285714,10.0,37.0,98.0,98,0.0,17.92330383480826,0.0,0.0,0.0,False,Critical Stock,Fast Moving,0.0,0.0,0.0,100.0,CRITICAL,2026-04-30,14666.142857142855,5133.15,Stock 0; daily planning demand 8.71; lead 3 days; safety 10; failed replenishments 5
38315,2026-04-30,5,35,2,24,0,6,20,6,0,7.678571428571429,3.8878116421811595,202,8.928571428571429,0.07142857142857142,1,7.857142857142857,SC-0035,Home care pack 9,3,3,0,2,300.0,171.0,365,Everyday Works,5,0.17857142857142794,7.857142857142857,15.0,55.0,110.0,90,2.6046511627906974,22.624,3420.0,0.0,0.0,False,Low Stock,Fast Moving,0.0,0.0,0.0,63.2,HIGH,2026-05-02,5785.714285714285,2487.8571428571427,Stock 20; daily planning demand 7.86; lead 5 days; safety 15; failed replenishments 1
38316,2026-04-30,5,36,15,0,0,4,11,4,0,6.571428571428571,3.0602417167732625,184,15.642857142857142,0.0,4,7.142857142857143,SC-0036,Vegetable box 10,0,0,2,1,60.0,42.0,5,Harvest Circle,1,0.5714285714285721,7.142857142857143,6.0,14.0,64.0,53,1.673913043478261,11.762557077625571,462.0,0.0,0.0,False,Low Stock,Fast Moving,0.0,0.0,0.0,16.3,LOW,2026-05-01,0.0,0.0,Stock 11; daily planning demand 7.14; lead 1 days; safety 6; failed replenishments 4
38317,2026-04-30,5,37,14,11,0,5,20,5,0,5.928571428571429,3.230967879622674,166,14.75,0.0,4,6.0,SC-0037,Breakfast pack 10,1,1,2,1,102.0,83.64,10,Morning Mill,2,0.07142857142857117,6.0,8.0,20.0,62.0,42,3.373493975903614,11.254237288135593,1672.8,0.0,0.0,False,Healthy Stock,Fast Moving,0.0,0.0,0.0,0.0,LOW,2026-05-03,0.0,0.0,Stock 20; daily planning demand 6.00; lead 2 days; safety 8; failed replenishments 4
38318,2026-04-30,5,38,16,6,0,6,16,6,0,6.535714285714286,3.7562998229359117,181,12.571428571428571,0.03571428571428571,3,6.571428571428571,SC-0038,Pantry pack 10,2,2,0,2,220.0,143.0,120,Grain Yard,3,0.03571428571428559,6.571428571428571,11.0,31.0,77.0,61,2.448087431693989,14.397727272727273,2288.0,0.0,0.0,False,Low Stock,Fast Moving,0.0,0.0,0.0,47.9,MEDIUM,2026-05-02,817.1428571428573,286.00000000000006,Stock 16; daily planning demand 6.57; lead 3 days; safety 11; failed replenishments 3
38319,2026-04-30,5,39,9,8,0,7,10,7,0,6.357142857142857,2.7516228977511745,184,7.107142857142857,0.03571428571428571,3,6.285714285714286,SC-0039,Home care pack 10,3,3,1,3,608.0,346.56,365,Everyday Works,5,-0.07142857142857117,6.357142857142857,11.0,43.0,88.0,78,1.5730337078651686,25.889447236180906,3465.6,0.0,0.0,False,Low Stock,Fast Moving,0.0,0.0,0.0,76.6,CRITICAL,2026-05-01,13245.714285714284,5695.657142857142,Stock 10; daily planning demand 6.36; lead 5 days; safety 11; failed replenishments 3
38320,2026-04-30,6,0,368,117,0,171,314,171,0,145.92857142857142,21.43885114982467,4086,330.14285714285717,0.0,2,157.28571428571428,SC-0000,Vegetable box 1,0,0,0,1,35.0,24.5,5,Harvest Circle,1,11.357142857142861,157.28571428571428,36.0,194.0,1295.0,0,2.151737640724425,12.376460406750324,7693.0,0.0,0.0,False,Healthy Stock,Fast Moving,0.0,0.0,0.0,0.0,LOW,2026-05-01,0.0,0.0,Stock 314; daily planning demand 157.29; lead 1 days; safety 36; failed replenishments 2
38321,2026-04-30,6,1,238,103,0,101,240,101,0,105.78571428571429,18.511972387974268,2966,205.28571428571428,0.0,3,107.28571428571429,SC-0001,Breakfast pack 1,1,1,2,3,306.0,250.92,10,Morning Mill,2,1.5,107.28571428571429,44.0,259.0,1010.0,770,2.2687373396353814,14.448155880306194,60220.799999999996,0.0,0.0,False,Low Stock,Fast Moving,0.0,0.0,0.0,7.2,LOW,2026-05-02,0.0,0.0,Stock 240; daily planning demand 107.29; lead 2 days; safety 44; failed replenishments 3
38322,2026-04-30,6,2,141,88,0,76,153,76,0,81.17857142857143,15.71282460739816,2275,145.14285714285714,0.0,2,89.85714285714286,SC-0002,Pantry pack 1,2,2,1,3,446.0,289.9,120,Grain Yard,3,8.67857142857143,89.85714285714286,45.0,315.0,944.0,791,1.8847338319401672,15.674212598425198,44354.7,0.0,0.0,False,Low Stock,Fast Moving,0.0,0.0,0.0,51.4,HIGH,2026-05-01,51990.85714285714,18196.8,Stock 153; daily planning demand 89.86; lead 3 days; safety 45; failed replenishments 2
38323,2026-04-30,6,3,81,0,0,39,42,39,0,64.60714285714286,13.087566295319828,1809,84.5,0.0,3,62.285714285714285,SC-0003,Home care pack 1,3,3,1,2,405.0,230.85,365,Everyday Works,5,-2.3214285714285765,64.60714285714286,49.0,373.0,825.0,783,0.6500829187396351,21.40828402366864,9695.699999999999,0.0,0.0,False,Low Stock,Fast Moving,0.0,0.0,0.0,88.7,CRITICAL,2026-04-30,113819.4642857143,48942.36964285716,Stock 42; daily planning demand 64.61; lead 5 days; safety 49; failed replenishments 3
38324,2026-04-30,6,4,137,39,0,55,121,55,0,53.32142857142857,9.100482573401429,1493,120.42857142857143,0.0,1,52.285714285714285,SC-0004,Vegetable box 2,0,0,1,1,47.0,32.9,5,Harvest Circle,1,-1.0357142857142847,53.32142857142857,16.0,70.0,443.0,0,2.2692565304755528,12.397390272835112,3980.8999999999996,0.0,0.0,False,Healthy Stock,Fast Moving,0.0,0.0,0.0,0.0,LOW,2026-05-02,0.0,0.0,Stock 121; daily planning demand 53.32; lead 1 days; safety 16; failed replenishments 1
38325,2026-04-30,6,5,87,58,0,34,111,34,0,46.32142857142857,11.15896441308452,1297,92.32142857142857,0.0,1,47.0,SC-0005,Breakfast pack 2,1,1,2,3,306.0,250.92,10,Morning Mill,2,0.6785714285714306,47.0,27.0,121.0,450.0,339,2.3962991518889747,14.048742746615087,27852.12,0.0,0.0,False,Low Stock,Fast Moving,0.0,0.0,0.0,8.3,LOW,2026-05-02,0.0,0.0,Stock 111; daily planning demand 47.00; lead 2 days; safety 27; failed replenishments 1
38326,2026-04-30,6,6,66,31,0,42,55,42,0,42.42857142857143,8.569664721513522,1188,66.5,0.0,2,43.857142857142854,SC-0006,Pantry pack 2,2,2,0,2,220.0,143.0,120,Grain Yard,3,1.4285714285714235,43.857142857142854,25.0,157.0,464.0,409,1.2962962962962963,17.86466165413534,7865.0,0.0,0.0,False,Low Stock,Fast Moving,0.0,0.0,0.0,64.9,HIGH,2026-05-01,16845.714285714283,5895.999999999999,Stock 55; daily planning demand 43.86; lead 3 days; safety 25; failed replenishments 2
38327,2026-04-30,6,7,71,41,0,30,82,30,0,33.857142857142854,8.235938794739058,948,56.892857142857146,0.0,1,32.42857142857143,SC-0007,Home care pack 2,3,3,2,3,765.0,436.05,365,Everyday Works,5,-1.4285714285714235,33.857142857142854,31.0,201.0,438.0,356,2.4219409282700424,16.662900188323917,35756.1,0.0,0.0,False,Low Stock,Fast Moving,0.0,0.0,0.0,59.1,HIGH,2026-05-02,66773.57142857142,28712.635714285712,Stock 82; daily planning demand 33.86; lead 5 days; safety 31; failed replenishments 1
38328,2026-04-30,6,8,29,73,0,24,78,24,0,33.0,7.635201130048658,924,65.25,0.0,3,34.0,SC-0008,Vegetable box 3,0,0,0,3,105.0,73.5,5,Harvest Circle,1,1.0,34.0,13.0,47.0,285.0,0,2.3636363636363638,14.160919540229886,5733.0,0.0,0.0,False,Healthy Stock,Fast Moving,0.0,0.0,0.0,0.0,LOW,2026-05-02,0.0,0.0,Stock 78; daily planning demand 34.00; lead 1 days; safety 13; failed replenishments 3
38329,2026-04-30,6,9,63,25,0,28,60,28,0,26.892857142857142,6.419526264477578,753,59.785714285714285,0.0,3,25.142857142857142,SC-0009,Breakfast pack 3,1,1,0,3,180.0,147.6,10,Morning Mill,2,-1.75,26.892857142857142,15.0,69.0,258.0,198,2.2310756972111556,12.594982078853047,8856.0,0.0,0.0,False,Low Stock,Fast Moving,0.0,0.0,0.0,12.8,LOW,2026-05-02,0.0,0.0,Stock 60; daily planning demand 26.89; lead 2 days; safety 15; failed replenishments 3
38330,2026-04-30,6,10,59,28,0,25,62,25,0,25.678571428571427,6.481046848616994,712,46.642857142857146,0.03571428571428571,3,25.285714285714285,SC-0010,Pantry pack 3,2,2,1,3,446.0,289.9,120,Grain Yard,3,-0.39285714285714235,25.678571428571427,19.0,97.0,276.0,214,2.4144645340751043,15.264931087289433,17973.8,0.0,0.0,False,Low Stock,Fast Moving,0.0,0.0,0.0,35.4,MEDIUM,2026-05-02,6705.928571428568,2347.074999999999,Stock 62; daily planning demand 25.68; lead 3 days; safety 19; failed replenishments 3
38331,2026-04-30,6,11,13,37,0,26,24,26,0,23.714285714285715,7.610213132057729,660,36.285714285714285,0.03571428571428571,1,25.142857142857142,SC-0011,Home care pack 3,3,3,2,1,255.0,145.35,365,Everyday Works,5,1.428571428571427,25.142857142857142,29.0,155.0,331.0,307,1.0120481927710843,18.188976377952756,3488.3999999999996,0.0,0.0,False,Low Stock,Fast Moving,0.0,0.0,0.0,84.5,CRITICAL,2026-04-30,25937.142857142855,11152.971428571429,Stock 24; daily planning demand 25.14; lead 5 days; safety 29; failed replenishments 1
38332,2026-04-30,6,12,55,16,0,18,53,18,0,21.714285714285715,7.46774368649566,608,48.535714285714285,0.0,2,21.571428571428573,SC-0012,Vegetable box 4,0,0,2,2,119.0,83.3,5,Harvest Circle,1,-0.14285714285714235,21.714285714285715,13.0,35.0,187.0,0,2.4407894736842106,12.526857983811626,4414.9,0.0,0.0,False,Healthy Stock,Fast Moving,0.0,0.0,0.0,0.0,LOW,2026-05-02,0.0,0.0,Stock 53; daily planning demand 21.71; lead 1 days; safety 13; failed replenishments 2
38333,2026-04-30,6,13,41,28,0,22,47,22,0,19.857142857142858,5.379758260535407,556,41.535714285714285,0.0,1,20.857142857142858,SC-0013,Breakfast pack 4,1,1,2,2,204.0,167.28,10,Morning Mill,2,1.0,20.857142857142858,13.0,55.0,201.0,154,2.366906474820144,13.386070507308684,7862.16,0.0,0.0,False,Low Stock,Fast Moving,0.0,0.0,0.0,14.1,LOW,2026-05-02,0.0,0.0,Stock 47; daily planning demand 20.86; lead 2 days; safety 13; failed replenishments 1
38334,2026-04-30,6,14,24,27,0,14,37,14,0,19.607142857142858,5.404657015974044,549,27.928571428571427,0.03571428571428571,4,20.714285714285715,SC-0014,Pantry pack 4,2,2,2,2,374.0,243.1,120,Grain Yard,3,1.1071428571428577,20.714285714285715,16.0,79.0,224.0,187,1.8870673952641166,19.657289002557548,8994.699999999999,0.0,0.0,False,Low Stock,Fast Moving,0.0,0.0,0.0,52.7,HIGH,2026-05-01,9403.428571428572,3291.2000000000007,Stock 37; daily planning demand 20.71; lead 3 days; safety 16; failed replenishments 4
38335,2026-04-30,6,15,19,21,0,13,27,13,0,17.785714285714285,5.946409703324214,499,23.821428571428573,0.03571428571428571,2,17.714285714285715,SC-0015,Home care pack 4,3,3,2,1,255.0,145.35,365,Everyday Works,5,-0.0714285714285694,17.785714285714285,22.0,111.0,236.0,209,1.5180722891566265,20.947526236881558,3924.45,0.0,0.0,False,Low Stock,Fast Moving,0.0,0.0,0.0,75.7,CRITICAL,2026-05-01,15791.785714285712,6790.467857142856,Stock 27; daily planning demand 17.79; lead 5 days; safety 22; failed replenishments 2
38336,2026-04-30,6,16,46,7,0,10,43,10,0,16.0,5.36794325741385,448,36.17857142857143,0.0,1,14.571428571428571,SC-0016,Vegetable box 5,0,0,1,2,94.0,65.8,5,Harvest Circle,1,-1.4285714285714288,16.0,9.0,25.0,137.0,0,2.6875,12.383020730503455,2829.4,0.0,0.0,False,Healthy Stock,Fast Moving,0.0,0.0,0.0,0.0,LOW,2026-05-02,0.0,0.0,Stock 43; daily planning demand 16.00; lead 1 days; safety 9; failed replenishments 1
38337,2026-04-30,6,17,40,11,0,16,35,16,0,15.178571428571429,5.450474470876087,425,31.321428571428573,0.0,3,15.857142857142858,SC-0017,Breakfast pack 5,1,1,0,1,60.0,49.2,10,Morning Mill,2,0.6785714285714288,15.857142857142858,13.0,45.0,156.0,121,2.3058823529411763,13.568985176738883,1722.0,0.0,0.0,False,Low Stock,Fast Moving,0.0,0.0,0.0,21.7,LOW,2026-05-02,0.0,0.0,Stock 35; daily planning demand 15.86; lead 2 days; safety 13; failed replenishments 3
38338,2026-04-30,6,18,33,20,0,14,39,14,0,15.428571428571429,4.450789122113494,427,22.928571428571427,0.07142857142857142,2,13.0,SC-0018,Pantry pack 5,2,2,2,3,561.0,364.65,120,Grain Yard,3,-2.428571428571429,15.428571428571429,13.0,60.0,168.0,129,2.5277777777777777,18.62305295950156,14221.349999999999,0.0,0.0,False,Low Stock,Fast Moving,0.0,0.0,0.0,34.2,MEDIUM,2026-05-02,4087.2857142857138,1430.55,Stock 39; daily planning demand 15.43; lead 3 days; safety 13; failed replenishments 2
38339,2026-04-30,6,19,17,21,0,17,21,17,0,13.785714285714286,5.300993218306273,375,22.357142857142858,0.03571428571428571,1,13.285714285714286,SC-0019,Home care pack 5,3,3,1,3,608.0,346.56,365,Everyday Works,5,-0.5,13.785714285714286,20.0,89.0,186.0,165,1.5233160621761657,16.773162939297123,7277.76,0.0,0.0,False,Low Stock,Fast Moving,0.0,0.0,0.0,76.4,CRITICAL,2026-05-01,29140.57142857143,12530.445714285715,Stock 21; daily planning demand 13.79; lead 5 days; safety 20; failed replenishments 1
38340,2026-04-30,6,20,37,6,0,10,33,10,0,14.321428571428571,4.530175137065538,401,28.678571428571427,0.0,0,13.0,SC-0020,Vegetable box 6,0,0,1,3,142.0,99.4,5,Harvest Circle,1,-1.3214285714285712,14.321428571428571,8.0,23.0,123.0,0,2.3042394014962593,13.982565379825655,3280.2000000000003,0.0,0.0,False,Healthy Stock,Fast Moving,0.0,0.0,0.0,0.0,LOW,2026-05-02,0.0,0.0,Stock 33; daily planning demand 14.32; lead 1 days; safety 8; failed replenishments 0
38341,2026-04-30,6,21,30,15,0,10,35,10,0,12.642857142857142,4.668367037160937,354,24.464285714285715,0.0,1,12.571428571428571,SC-0021,Breakfast pack 6,1,1,1,3,243.0,199.26,10,Morning Mill,2,-0.07142857142857117,12.642857142857142,11.0,37.0,125.0,90,2.768361581920904,14.470072992700729,6974.099999999999,0.0,0.0,False,Low Stock,Fast Moving,0.0,0.0,0.0,3.5,LOW,2026-05-02,0.0,0.0,Stock 35; daily planning demand 12.64; lead 2 days; safety 11; failed replenishments 1
38342,2026-04-30,6,22,33,10,0,9,34,9,0,11.607142857142858,3.8136138757942963,328,21.142857142857142,0.0,1,10.285714285714286,SC-0022,Pantry pack 6,2,2,0,2,220.0,143.0,120,Grain Yard,3,-1.3214285714285712,11.607142857142858,11.0,46.0,128.0,94,2.9292307692307693,15.513513513513514,4862.0,0.0,0.0,False,Low Stock,Fast Moving,0.0,0.0,0.0,25.8,MEDIUM,2026-05-02,180.71428571428527,63.249999999999844,Stock 34; daily planning demand 11.61; lead 3 days; safety 11; failed replenishments 1
38343,2026-04-30,6,23,9,0,0,9,0,18,0,10.857142857142858,4.125030062420518,299,19.214285714285715,0.03571428571428571,2,13.0,SC-0023,Home care pack 6,3,3,2,3,765.0,436.05,365,Everyday Works,5,2.1428571428571423,13.0,16.0,81.0,172.0,172,0.0,15.561338289962825,0.0,0.0,0.0,False,Critical Stock,Fast Moving,0.0,0.0,0.0,100.0,CRITICAL,2026-04-30,49725.0,21381.75,Stock 0; daily planning demand 13.00; lead 5 days; safety 16; failed replenishments 2
38344,2026-04-30,6,24,25,10,0,6,29,6,0,10.321428571428571,3.8878116421811595,289,23.357142857142858,0.0,3,10.571428571428571,SC-0024,Vegetable box 7,0,0,2,2,119.0,83.3,5,Harvest Circle,1,0.25,10.571428571428571,7.0,18.0,92.0,0,2.809688581314879,12.37308868501529,2415.7,0.0,0.0,False,Healthy Stock,Fast Moving,0.0,0.0,0.0,0.0,LOW,2026-05-02,0.0,0.0,Stock 29; daily planning demand 10.57; lead 1 days; safety 7; failed replenishments 3
38345,2026-04-30,6,25,23,12,0,9,26,9,0,9.928571428571429,4.198135136502709,278,21.785714285714285,0.0,3,10.714285714285714,SC-0025,Breakfast pack 7,1,1,1,1,81.0,66.42,10,Morning Mill,2,0.7857142857142847,10.714285714285714,10.0,32.0,107.0,81,2.618705035971223,12.76065573770492,1726.92,0.0,0.0,False,Low Stock,Fast Moving,0.0,0.0,0.0,17.3,LOW,2026-05-02,0.0,0.0,Stock 26; daily planning demand 10.71; lead 2 days; safety 10; failed replenishments 3
38346,2026-04-30,6,26,20,17,0,13,24,13,0,8.607142857142858,3.715226783509999,240,21.214285714285715,0.03571428571428571,3,9.0,SC-0026,Pantry pack 7,2,2,1,3,446.0,289.9,120,Grain Yard,3,0.39285714285714235,9.0,11.0,38.0,101.0,77,2.788381742738589,11.313131313131313,6957.599999999999,0.0,0.0,False,Low Stock,Fast Moving,0.0,0.0,0.0,36.8,MEDIUM,2026-05-02,1338.0,468.30000000000007,Stock 24; daily planning demand 9.00; lead 3 days; safety 11; failed replenishments 3
38347,2026-04-30,6,27,12,9,0,11,10,10,0,9.071428571428571,4.4880794492585725,255,16.785714285714285,0.0,1,9.857142857142858,SC-0027,Home care pack 7,3,3,2,2,510.0,290.7,365,Everyday Works,5,0.7857142857142865,9.857142857142858,17.0,67.0,136.0,126,1.1023622047244095,15.191489361702128,2907.0,0.0,0.0,False,Low Stock,Fast Moving,0.0,0.0,0.0,84.9,CRITICAL,2026-05-01,20035.71428571429,8615.357142857145,Stock 10; daily planning demand 9.86; lead 5 days; safety 17; failed replenishments 1
38348,2026-04-30,6,28,16,14,0,13,17,13,0,10.142857142857142,4.461475305855889,284,19.035714285714285,0.0,2,10.714285714285714,SC-0028,Vegetable box 8,0,0,1,1,47.0,32.9,5,Harvest Circle,1,0.5714285714285712,10.714285714285714,8.0,19.0,94.0,77,1.676056338028169,14.919324577861165,559.3,0.0,0.0,False,Low Stock,Fast Moving,0.0,0.0,0.0,9.2,LOW,2026-05-01,0.0,0.0,Stock 17; daily planning demand 10.71; lead 1 days; safety 8; failed replenishments 2
38349,2026-04-30,6,29,24,3,0,6,21,6,0,8.535714285714286,4.1676189388003815,239,18.678571428571427,0.0,1,7.857142857142857,SC-0029,Breakfast pack 8,1,1,1,2,162.0,132.84,10,Morning Mill,2,-0.6785714285714297,8.535714285714286,10.0,28.0,87.0,66,2.4602510460251046,12.795411089866159,2789.64,0.0,0.0,False,Low Stock,Fast Moving,0.0,0.0,0.0,22.4,LOW,2026-05-02,0.0,0.0,Stock 21; daily planning demand 8.54; lead 2 days; safety 10; failed replenishments 1
38350,2026-04-30,6,30,15,8,0,6,17,6,0,7.964285714285714,2.80848110863615,223,16.785714285714285,0.0,1,9.285714285714286,SC-0030,Pantry pack 8,2,2,1,3,446.0,289.9,120,Grain Yard,3,1.321428571428572,9.285714285714286,9.0,37.0,102.0,85,2.1345291479820627,13.285106382978725,4928.299999999999,0.0,0.0,False,Low Stock,Fast Moving,0.0,0.0,0.0,53.9,HIGH,2026-05-01,4842.2857142857165,1694.8000000000009,Stock 17; daily planning demand 9.29; lead 3 days; safety 9; failed replenishments 1
38351,2026-04-30,6,31,2,10,0,12,0,18,0,8.607142857142858,4.43336913698396,228,13.392857142857142,0.10714285714285714,1,12.142857142857142,SC-0031,Home care pack 8,3,3,0,1,150.0,85.5,365,Everyday Works,5,3.5357142857142847,12.142857142857142,17.0,78.0,163.0,163,0.0,17.024,0.0,0.0,0.0,False,Critical Stock,Fast Moving,0.0,0.0,0.0,100.0,CRITICAL,2026-04-30,9107.142857142857,3916.071428571428,Stock 0; daily planning demand 12.14; lead 5 days; safety 17; failed replenishments 1
38352,2026-04-30,6,32,12,14,0,4,22,4,0,7.892857142857143,4.039978783536935,221,17.678571428571427,0.0,2,7.714285714285714,SC-0032,Vegetable box 9,0,0,0,2,70.0,49.0,5,Harvest Circle,1,-0.17857142857142883,7.892857142857143,7.0,15.0,71.0,0,2.7873303167420813,12.501010101010102,1078.0,0.0,0.0,False,Healthy Stock,Fast Moving,0.0,0.0,0.0,0.0,LOW,2026-05-02,0.0,0.0,Stock 22; daily planning demand 7.89; lead 1 days; safety 7; failed replenishments 2
38353,2026-04-30,6,33,29,0,0,5,24,5,0,7.642857142857143,3.612881129086598,208,14.535714285714286,0.07142857142857142,4,6.571428571428571,SC-0033,Breakfast pack 9,1,1,1,1,81.0,66.42,10,Morning Mill,2,-1.071428571428572,7.642857142857143,9.0,25.0,78.0,54,3.1401869158878504,14.309582309582309,1594.08,0.0,0.0,False,Low Stock,Fast Moving,0.0,0.0,0.0,1.2,LOW,2026-05-03,0.0,0.0,Stock 24; daily planning demand 7.64; lead 2 days; safety 9; failed replenishments 4
38354,2026-04-30,6,34,5,12,0,7,10,7,0,7.035714285714286,3.8536384236885928,197,13.75,0.0,2,8.0,SC-0034,Pantry pack 9,2,2,2,3,561.0,364.65,120,Grain Yard,3,0.9642857142857144,8.0,12.0,36.0,92.0,82,1.4213197969543148,14.327272727272728,3646.5,0.0,0.0,False,Low Stock,Fast Moving,0.0,0.0,0.0,72.2,HIGH,2026-05-01,7854.0,2748.9000000000005,Stock 10; daily planning demand 8.00; lead 3 days; safety 12; failed replenishments 2
38355,2026-04-30,6,35,9,6,0,11,4,10,0,7.214285714285714,2.5291946142646666,203,12.178571428571429,0.03571428571428571,1,7.714285714285714,SC-0035,Home care pack 9,3,3,0,2,300.0,171.0,365,Everyday Works,5,0.5,7.714285714285714,10.0,49.0,103.0,99,0.5544554455445544,16.668621700879765,684.0,0.0,0.0,False,Low Stock,Fast Moving,0.0,0.0,0.0,91.8,CRITICAL,2026-04-30,10371.42857142857,4459.714285714285,Stock 4; daily planning demand 7.71; lead 5 days; safety 10; failed replenishments 1
38356,2026-04-30,6,36,17,6,0,6,17,6,0,7.642857142857143,3.1412935023211173,214,14.75,0.0,2,8.285714285714286,SC-0036,Vegetable box 10,0,0,2,1,60.0,42.0,5,Harvest Circle,1,0.6428571428571432,8.285714285714286,6.0,15.0,73.0,0,2.2242990654205608,14.508474576271187,714.0,0.0,0.0,False,Healthy Stock,Fast Moving,0.0,0.0,0.0,0.0,LOW,2026-05-02,0.0,0.0,Stock 17; daily planning demand 8.29; lead 1 days; safety 6; failed replenishments 2
38357,2026-04-30,6,37,19,2,0,6,15,6,0,6.821428571428571,3.0191189716669604,188,13.464285714285714,0.03571428571428571,4,7.0,SC-0037,Breakfast pack 10,1,1,2,1,102.0,83.64,10,Morning Mill,2,0.17857142857142883,7.0,8.0,22.0,71.0,56,2.1989528795811517,13.962864721485412,1254.6,0.0,0.0,False,Low Stock,Fast Moving,0.0,0.0,0.0,31.8,MEDIUM,2026-05-02,0.0,0.0,Stock 15; daily planning demand 7.00; lead 2 days; safety 8; failed replenishments 4
38358,2026-04-30,6,38,14,4,0,4,14,4,1,5.892857142857143,3.337101045255205,162,14.178571428571429,0.03571428571428571,2,4.571428571428571,SC-0038,Pantry pack 10,2,2,0,2,220.0,143.0,120,Grain Yard,3,-1.321428571428572,5.892857142857143,10.0,28.0,69.0,55,2.3757575757575755,11.425692695214106,2002.0,0.0,0.0,False,Low Stock,Fast Moving,0.0,0.0,0.0,49.4,MEDIUM,2026-05-02,809.2857142857147,283.25000000000017,Stock 14; daily planning demand 5.89; lead 3 days; safety 10; failed replenishments 2
38359,2026-04-30,6,39,6,12,0,8,10,8,0,5.964285714285714,2.284928767139026,166,12.107142857142858,0.03571428571428571,3,6.142857142857143,SC-0039,Home care pack 10,3,3,1,3,608.0,346.56,365,Everyday Works,5,0.17857142857142883,6.142857142857143,9.0,40.0,83.0,73,1.6766467065868262,13.710914454277285,3465.6,0.0,0.0,False,Low Stock,Fast Moving,0.0,0.0,0.0,74.8,HIGH,2026-05-01,12594.285714285716,5415.542857142857,Stock 10; daily planning demand 6.14; lead 5 days; safety 9; failed replenishments 3
38360,2026-04-30,7,0,333,152,0,161,324,161,0,150.32142857142858,23.634647466094364,4209,334.67857142857144,0.0,0,157.14285714285714,SC-0000,Vegetable box 1,0,0,0,1,35.0,24.5,5,Harvest Circle,1,6.821428571428555,157.14285714285714,39.0,197.0,1297.0,0,2.155381325730577,12.576245864902358,7938.0,0.0,0.0,False,Healthy Stock,Fast Moving,0.0,0.0,0.0,0.0,LOW,2026-05-02,0.0,0.0,Stock 324; daily planning demand 157.14; lead 1 days; safety 39; failed replenishments 0
38361,2026-04-30,7,1,246,103,0,102,247,102,0,103.35714285714286,16.755793438587553,2894,222.03571428571428,0.0,0,102.42857142857143,SC-0001,Breakfast pack 1,1,1,2,3,306.0,250.92,10,Morning Mill,2,-0.9285714285714306,103.35714285714286,40.0,247.0,971.0,724,2.3897719419488594,13.033939198970565,61977.24,0.0,0.0,False,Healthy Stock,Fast Moving,0.0,0.0,0.0,0.0,LOW,2026-05-02,0.0,0.0,Stock 247; daily planning demand 103.36; lead 2 days; safety 40; failed replenishments 0
38362,2026-04-30,7,2,196,77,0,71,202,71,0,81.0,16.345800230798897,2268,147.46428571428572,0.0,1,80.71428571428571,SC-0002,Pantry pack 1,2,2,1,3,446.0,289.9,120,Grain Yard,3,-0.2857142857142918,81.0,47.0,290.0,857.0,655,2.493827160493827,15.379995156212157,58559.799999999996,0.0,0.0,False,Low Stock,Fast Moving,0.0,0.0,0.0,30.3,MEDIUM,2026-05-02,18286.0,6400.100000000001,Stock 202; daily planning demand 81.00; lead 3 days; safety 47; failed replenishments 1
38363,2026-04-30,7,3,82,76,0,67,91,67,0,66.14285714285714,13.962155956076375,1853,94.89285714285714,0.0,0,67.85714285714286,SC-0003,Home care pack 1,3,3,1,2,405.0,230.85,365,Everyday Works,5,1.7142857142857224,67.85714285714286,52.0,392.0,867.0,776,1.3758099352051836,19.527286413248024,21007.35,0.0,0.0,False,Low Stock,Fast Moving,0.0,0.0,0.0,76.7,CRITICAL,2026-05-01,100555.7142857143,43238.95714285715,Stock 91; daily planning demand 67.86; lead 5 days; safety 52; failed replenishments 0
38364,2026-04-30,7,4,143,33,0,48,128,48,0,52.75,10.76903998610007,1477,121.25,0.0,0,52.57142857142857,SC-0004,Vegetable box 2,0,0,1,1,47.0,32.9,5,Harvest Circle,1,-0.1785714285714306,52.75,18.0,71.0,440.0,0,2.4265402843601898,12.181443298969072,4211.2,0.0,0.0,False,Healthy Stock,Fast Moving,0.0,0.0,0.0,0.0,LOW,2026-05-02,0.0,0.0,Stock 128; daily planning demand 52.75; lead 1 days; safety 18; failed replenishments 0
38365,2026-04-30,7,5,95,47,0,30,112,30,0,45.82142857142857,9.510437040347444,1283,94.21428571428571,0.0,0,47.42857142857143,SC-0005,Breakfast pack 2,1,1,2,3,306.0,250.92,10,Morning Mill,2,1.6071428571428612,47.42857142857143,23.0,118.0,450.0,338,2.444271239282931,13.617892342683852,28103.039999999997,0.0,0.0,False,Low Stock,Fast Moving,0.0,0.0,0.0,5.0,LOW,2026-05-02,0.0,0.0,Stock 112; daily planning demand 47.43; lead 2 days; safety 23; failed replenishments 0
38366,2026-04-30,7,6,73,37,0,39,71,39,0,39.607142857142854,7.125017404601411,1109,76.60714285714286,0.0,0,41.285714285714285,SC-0006,Pantry pack 2,2,2,0,2,220.0,143.0,120,Grain Yard,3,1.6785714285714306,41.285714285714285,21.0,145.0,434.0,363,1.7926059513074843,14.476456876456876,10153.0,0.0,0.0,False,Low Stock,Fast Moving,0.0,0.0,0.0,51.0,HIGH,2026-05-01,11628.57142857143,4070.0000000000005,Stock 71; daily planning demand 41.29; lead 3 days; safety 21; failed replenishments 0
38367,2026-04-30,7,7,68,45,0,31,82,31,1,35.964285714285715,7.416109306683475,1007,47.892857142857146,0.0,1,31.571428571428573,SC-0007,Home care pack 2,3,3,2,3,765.0,436.05,365,Everyday Works,5,-4.392857142857142,35.964285714285715,28.0,208.0,460.0,378,2.2800397219463755,21.026099925428785,35756.1,0.0,0.0,False,Low Stock,Fast Moving,0.0,0.0,0.0,60.5,HIGH,2026-05-02,74833.39285714287,32178.35892857143,Stock 82; daily planning demand 35.96; lead 5 days; safety 28; failed replenishments 1
38368,2026-04-30,7,8,58,44,0,24,78,24,0,31.785714285714285,7.289551847512033,890,69.21428571428571,0.0,1,36.857142857142854,SC-0008,Vegetable box 3,0,0,0,3,105.0,73.5,5,Harvest Circle,1,5.071428571428569,36.857142857142854,13.0,50.0,308.0,0,2.453932584269663,12.858617131062953,5733.0,0.0,0.0,False,Healthy Stock,Fast Moving,0.0,0.0,0.0,0.0,LOW,2026-05-02,0.0,0.0,Stock 78; daily planning demand 36.86; lead 1 days; safety 13; failed replenishments 1
38369,2026-04-30,7,9,53,37,0,22,68,22,0,27.714285714285715,5.83639375500763,776,58.607142857142854,0.0,1,27.857142857142858,SC-0009,Breakfast pack 3,1,1,0,3,180.0,147.6,10,Morning Mill,2,0.14285714285714235,27.857142857142858,14.0,70.0,265.0,197,2.45360824742268,13.240706886045094,10036.8,0.0,0.0,False,Low Stock,Fast Moving,0.0,0.0,0.0,2.5,LOW,2026-05-02,0.0,0.0,Stock 68; daily planning demand 27.86; lead 2 days; safety 14; failed replenishments 1
38370,2026-04-30,7,10,64,24,0,28,60,28,0,26.25,7.744173436992628,735,45.285714285714285,0.0,2,24.428571428571427,SC-0010,Pantry pack 3,2,2,1,3,446.0,289.9,120,Grain Yard,3,-1.821428571428573,26.25,23.0,102.0,286.0,226,2.2857142857142856,16.230283911671926,17394.0,0.0,0.0,False,Low Stock,Fast Moving,0.0,0.0,0.0,41.0,MEDIUM,2026-05-02,8362.5,2926.8750000000005,Stock 60; daily planning demand 26.25; lead 3 days; safety 23; failed replenishments 2
38371,2026-04-30,7,11,24,30,0,31,23,31,0,23.107142857142858,7.1094057975087335,623,41.857142857142854,0.07142857142857142,1,24.571428571428573,SC-0011,Home care pack 3,3,3,2,1,255.0,145.35,365,Everyday Works,5,1.4642857142857153,24.571428571428573,27.0,150.0,322.0,299,0.9953632148377125,14.883959044368602,3343.0499999999997,0.0,0.0,False,Low Stock,Fast Moving,0.0,0.0,0.0,84.7,CRITICAL,2026-04-30,25463.57142857143,10949.335714285715,Stock 23; daily planning demand 24.57; lead 5 days; safety 27; failed replenishments 1
38372,2026-04-30,7,12,54,17,0,29,42,29,0,22.142857142857142,6.216550703203719,620,47.892857142857146,0.0,1,22.0,SC-0012,Vegetable box 4,0,0,2,2,119.0,83.3,5,Harvest Circle,1,-0.14285714285714235,22.142857142857142,11.0,34.0,189.0,0,1.896774193548387,12.945563012677106,3498.6,0.0,0.0,False,Healthy Stock,Fast Moving,0.0,0.0,0.0,0.0,LOW,2026-05-01,0.0,0.0,Stock 42; daily planning demand 22.14; lead 1 days; safety 11; failed replenishments 1
38373,2026-04-30,7,13,58,12,0,33,37,33,0,20.107142857142858,7.425378332869201,563,39.892857142857146,0.0,2,20.714285714285715,SC-0013,Breakfast pack 4,1,1,2,2,204.0,167.28,10,Morning Mill,2,0.6071428571428577,20.714285714285715,18.0,60.0,205.0,168,1.8401420959147423,14.112802148612353,6189.36,0.0,0.0,False,Low Stock,Fast Moving,0.0,0.0,0.0,37.7,MEDIUM,2026-05-01,903.4285714285718,162.61714285714294,Stock 37; daily planning demand 20.71; lead 2 days; safety 18; failed replenishments 2
38374,2026-04-30,7,14,35,21,0,24,32,24,0,19.25,5.02309481111809,539,34.142857142857146,0.0,0,21.428571428571427,SC-0014,Pantry pack 4,2,2,2,2,374.0,243.1,120,Grain Yard,3,2.178571428571427,21.428571428571427,15.0,80.0,230.0,198,1.6623376623376624,15.786610878661087,7779.2,0.0,0.0,False,Low Stock,Fast Moving,0.0,0.0,0.0,59.6,HIGH,2026-05-01,12074.85714285714,4226.199999999999,Stock 32; daily planning demand 21.43; lead 3 days; safety 15; failed replenishments 0
38375,2026-04-30,7,15,37,20,0,17,40,17,0,17.392857142857142,5.3217880990723945,489,25.535714285714285,0.07142857142857142,0,16.428571428571427,SC-0015,Home care pack 4,3,3,2,1,255.0,145.35,365,Everyday Works,5,-0.9642857142857153,17.392857142857142,20.0,107.0,229.0,189,2.299794661190965,19.14965034965035,5814.0,0.0,0.0,False,Low Stock,Fast Moving,0.0,0.0,0.0,62.6,HIGH,2026-05-02,11975.892857142855,5149.633928571428,Stock 40; daily planning demand 17.39; lead 5 days; safety 20; failed replenishments 0
38376,2026-04-30,7,16,40,13,0,15,38,15,0,17.0,4.815099706671212,476,35.57142857142857,0.0,1,17.0,SC-0016,Vegetable box 5,0,0,1,2,94.0,65.8,5,Harvest Circle,1,0.0,17.0,8.0,25.0,144.0,0,2.235294117647059,13.381526104417672,2500.4,0.0,0.0,False,Healthy Stock,Fast Moving,0.0,0.0,0.0,0.0,LOW,2026-05-02,0.0,0.0,Stock 38; daily planning demand 17.00; lead 1 days; safety 8; failed replenishments 1
38377,2026-04-30,7,17,37,9,0,16,30,16,0,15.428571428571429,4.500440895508822,432,32.142857142857146,0.0,0,14.0,SC-0017,Breakfast pack 5,1,1,0,1,60.0,49.2,10,Morning Mill,2,-1.4285714285714288,15.428571428571429,11.0,42.0,150.0,120,1.9444444444444444,13.44,1476.0,0.0,0.0,False,Low Stock,Fast Moving,0.0,0.0,0.0,28.3,MEDIUM,2026-05-01,51.42857142857146,9.25714285714286,Stock 30; daily planning demand 15.43; lead 2 days; safety 11; failed replenishments 0
38378,2026-04-30,7,18,30,17,0,10,37,10,0,15.678571428571429,5.3958390788717345,436,23.071428571428573,0.03571428571428571,1,13.714285714285714,SC-0018,Pantry pack 5,2,2,2,3,561.0,364.65,120,Grain Yard,3,-1.9642857142857153,15.678571428571429,16.0,64.0,173.0,136,2.359908883826879,18.89783281733746,13492.05,0.0,0.0,False,Low Stock,Fast Moving,0.0,0.0,0.0,41.3,MEDIUM,2026-05-02,5630.035714285714,1970.5125,Stock 37; daily planning demand 15.68; lead 3 days; safety 16; failed replenishments 1
38379,2026-04-30,7,19,5,13,0,15,3,15,0,13.964285714285714,4.211818845750373,391,19.821428571428573,0.0,0,16.285714285714285,SC-0019,Home care pack 5,3,3,1,3,608.0,346.56,365,Everyday Works,5,2.321428571428571,16.285714285714285,16.0,98.0,212.0,209,0.21483375959079284,19.726126126126125,1039.68,0.0,0.0,False,Low Stock,Fast Moving,0.0,0.0,0.0,96.9,CRITICAL,2026-04-30,47684.57142857142,20504.365714285712,Stock 3; daily planning demand 16.29; lead 5 days; safety 16; failed replenishments 0
38380,2026-04-30,7,20,27,16,0,8,35,8,0,12.25,5.601752371323605,343,29.964285714285715,0.0,1,13.428571428571429,SC-0020,Vegetable box 6,0,0,1,3,142.0,99.4,5,Harvest Circle,1,1.1785714285714288,13.428571428571429,10.0,24.0,118.0,0,2.857142857142857,11.446960667461264,3479.0,0.0,0.0,False,Healthy Stock,Fast Moving,0.0,0.0,0.0,0.0,LOW,2026-05-02,0.0,0.0,Stock 35; daily planning demand 13.43; lead 1 days; safety 10; failed replenishments 1
38381,2026-04-30,7,21,27,13,0,19,21,19,0,11.035714285714286,3.9391871962621634,309,27.714285714285715,0.0,1,13.0,SC-0021,Breakfast pack 6,1,1,1,3,243.0,199.26,10,Morning Mill,2,1.9642857142857135,13.0,10.0,36.0,127.0,106,1.9029126213592231,11.149484536082474,4184.46,0.0,0.0,False,Low Stock,Fast Moving,0.0,0.0,0.0,41.7,MEDIUM,2026-05-01,1215.0,218.70000000000005,Stock 21; daily planning demand 13.00; lead 2 days; safety 10; failed replenishments 1
38382,2026-04-30,7,22,30,11,0,10,31,10,0,11.25,4.742440378195675,316,23.5,0.0,1,9.142857142857142,SC-0022,Pantry pack 6,2,2,0,2,220.0,143.0,120,Grain Yard,3,-2.1071428571428577,11.25,14.0,48.0,127.0,96,2.7555555555555555,13.446808510638299,4433.0,0.0,0.0,False,Low Stock,Fast Moving,0.0,0.0,0.0,35.1,MEDIUM,2026-05-02,605.0,211.75,Stock 31; daily planning demand 11.25; lead 3 days; safety 14; failed replenishments 1
38383,2026-04-30,7,23,22,15,0,14,23,14,0,10.714285714285714,4.829363449022171,294,20.071428571428573,0.03571428571428571,1,10.714285714285714,SC-0023,Home care pack 6,3,3,2,3,765.0,436.05,365,Everyday Works,5,0.0,10.714285714285714,18.0,72.0,147.0,124,2.146666666666667,14.647686832740213,10029.15,0.0,0.0,False,Low Stock,Fast Moving,0.0,0.0,0.0,67.9,HIGH,2026-05-02,23387.142857142855,10056.471428571427,Stock 23; daily planning demand 10.71; lead 5 days; safety 18; failed replenishments 1
38384,2026-04-30,7,24,19,16,0,17,18,17,0,11.392857142857142,4.43336913698396,319,23.607142857142858,0.0,0,13.571428571428571,SC-0024,Vegetable box 7,0,0,2,2,119.0,83.3,5,Harvest Circle,1,2.178571428571429,13.571428571428571,8.0,22.0,117.0,99,1.5799373040752351,13.51285930408472,1499.3999999999999,0.0,0.0,False,Low Stock,Fast Moving,0.0,0.0,0.0,16.6,LOW,2026-05-01,0.0,0.0,Stock 18; daily planning demand 13.57; lead 1 days; safety 8; failed replenishments 0
38385,2026-04-30,7,25,26,12,0,6,32,6,0,9.392857142857142,3.53122878323916,263,22.964285714285715,0.0,1,8.428571428571429,SC-0025,Breakfast pack 7,1,1,1,1,81.0,66.42,10,Morning Mill,2,-0.9642857142857135,9.392857142857142,9.0,28.0,94.0,0,3.4068441064638786,11.452566096423016,2125.44,0.0,0.0,False,Healthy Stock,Fast Moving,0.0,0.0,0.0,0.0,LOW,2026-05-03,0.0,0.0,Stock 32; daily planning demand 9.39; lead 2 days; safety 9; failed replenishments 1
38386,2026-04-30,7,26,15,11,0,10,16,10,0,9.714285714285714,4.215115154677956,272,19.178571428571427,0.0,0,11.142857142857142,SC-0026,Pantry pack 7,2,2,1,3,446.0,289.9,120,Grain Yard,3,1.4285714285714288,11.142857142857142,13.0,47.0,125.0,109,1.647058823529412,14.182495344506519,4638.4,0.0,0.0,False,Low Stock,Fast Moving,0.0,0.0,0.0,65.5,HIGH,2026-05-01,7773.142857142858,2720.600000000001,Stock 16; daily planning demand 11.14; lead 3 days; safety 13; failed replenishments 0
38387,2026-04-30,7,27,23,11,0,13,21,13,0,8.785714285714286,3.9096949095440023,248,16.142857142857142,0.07142857142857142,1,8.571428571428571,SC-0027,Home care pack 7,3,3,2,2,510.0,290.7,365,Everyday Works,5,-0.2142857142857153,8.785714285714286,15.0,59.0,121.0,100,2.3902439024390243,15.36283185840708,6104.7,0.0,0.0,False,Low Stock,Fast Moving,0.0,0.0,0.0,64.4,HIGH,2026-05-02,11693.57142857143,5028.235714285715,Stock 21; daily planning demand 8.79; lead 5 days; safety 15; failed replenishments 1
38388,2026-04-30,7,28,24,6,0,6,24,6,0,8.928571428571429,3.6405999854376,250,20.464285714285715,0.0,2,8.571428571428571,SC-0028,Vegetable box 8,0,0,1,1,47.0,32.9,5,Harvest Circle,1,-0.35714285714285765,8.928571428571429,7.0,16.0,79.0,0,2.6879999999999997,12.216404886561953,789.5999999999999,0.0,0.0,False,Healthy Stock,Fast Moving,0.0,0.0,0.0,0.0,LOW,2026-05-02,0.0,0.0,Stock 24; daily planning demand 8.93; lead 1 days; safety 7; failed replenishments 2
38389,2026-04-30,7,29,25,9,0,7,27,7,0,7.0,2.6943012562182536,196,21.892857142857142,0.0,0,6.142857142857143,SC-0029,Breakfast pack 8,1,1,1,2,162.0,132.84,10,Morning Mill,2,-0.8571428571428568,7.0,7.0,21.0,70.0,0,3.857142857142857,8.952691680261012,3586.6800000000003,0.0,0.0,False,Healthy Stock,Fast Moving,0.0,0.0,0.0,0.0,LOW,2026-05-03,0.0,0.0,Stock 27; daily planning demand 7.00; lead 2 days; safety 7; failed replenishments 0
38390,2026-04-30,7,30,27,6,0,7,26,7,0,8.678571428571429,3.7520717381257955,237,15.464285714285714,0.10714285714285714,1,8.428571428571429,SC-0030,Pantry pack 8,2,2,1,3,446.0,289.9,120,Grain Yard,3,-0.25,8.678571428571429,11.0,38.0,98.0,72,2.9958847736625516,15.325635103926098,7537.4,0.0,0.0,False,Low Stock,Fast Moving,0.0,0.0,0.0,29.8,MEDIUM,2026-05-02,15.928571428570976,5.574999999999842,Stock 26; daily planning demand 8.68; lead 3 days; safety 11; failed replenishments 1
38391,2026-04-30,7,31,8,12,0,5,15,5,0,7.178571428571429,3.139398048323931,201,16.607142857142858,0.0,0,8.571428571428571,SC-0031,Home care pack 8,3,3,0,1,150.0,85.5,365,Everyday Works,5,1.3928571428571423,8.571428571428571,12.0,55.0,115.0,100,2.08955223880597,12.103225806451613,1282.5,0.0,0.0,False,Low Stock,Fast Moving,0.0,0.0,0.0,72.7,HIGH,2026-05-01,4178.571428571428,1796.785714285714,Stock 15; daily planning demand 8.57; lead 5 days; safety 12; failed replenishments 0
38392,2026-04-30,7,32,22,4,0,9,17,9,0,8.035714285714286,4.434562426592269,225,17.964285714285715,0.0,0,6.571428571428571,SC-0032,Vegetable box 9,0,0,0,2,70.0,49.0,5,Harvest Circle,1,-1.4642857142857153,8.035714285714286,8.0,17.0,73.0,56,2.1155555555555554,12.524850894632205,833.0,0.0,0.0,False,Healthy Stock,Fast Moving,0.0,0.0,0.0,0.0,LOW,2026-05-02,0.0,0.0,Stock 17; daily planning demand 8.04; lead 1 days; safety 8; failed replenishments 0
38393,2026-04-30,7,33,15,10,0,4,21,4,0,6.785714285714286,2.9484100279848615,190,17.428571428571427,0.0,0,7.428571428571429,SC-0033,Breakfast pack 9,1,1,1,1,81.0,66.42,10,Morning Mill,2,0.6428571428571432,7.428571428571429,7.0,22.0,74.0,53,3.094736842105263,10.901639344262296,1394.82,0.0,0.0,False,Low Stock,Fast Moving,0.0,0.0,0.0,3.9,LOW,2026-05-02,0.0,0.0,Stock 21; daily planning demand 7.43; lead 2 days; safety 7; failed replenishments 0
38394,2026-04-30,7,34,14,10,0,8,16,8,0,7.714285714285714,3.28697928259866,220,11.75,0.0,2,8.142857142857142,SC-0034,Pantry pack 9,2,2,2,3,561.0,364.65,120,Grain Yard,3,0.42857142857142794,8.142857142857142,10.0,35.0,92.0,76,2.074074074074074,18.72340425531915,5834.4,0.0,0.0,False,Low Stock,Fast Moving,0.0,0.0,0.0,53.5,HIGH,2026-05-01,4728.428571428571,1654.9499999999998,Stock 16; daily planning demand 8.14; lead 3 days; safety 10; failed replenishments 2
38395,2026-04-30,7,35,14,13,0,10,17,10,0,6.857142857142857,2.9528929407577107,192,12.142857142857142,0.0,0,7.142857142857143,SC-0035,Home care pack 9,3,3,0,2,300.0,171.0,365,Everyday Works,5,0.2857142857142865,7.142857142857143,11.0,47.0,97.0,80,2.479166666666667,15.811764705882354,2907.0,0.0,0.0,False,Low Stock,Fast Moving,0.0,0.0,0.0,63.6,HIGH,2026-05-02,5614.285714285715,2414.1428571428573,Stock 17; daily planning demand 7.14; lead 5 days; safety 11; failed replenishments 0
38396,2026-04-30,7,36,15,8,0,5,18,5,0,6.5,2.9376231258671743,182,16.5,0.0,0,7.142857142857143,SC-0036,Vegetable box 10,0,0,2,1,60.0,42.0,5,Harvest Circle,1,0.6428571428571432,7.142857142857143,5.0,13.0,63.0,0,2.769230769230769,11.030303030303031,756.0,0.0,0.0,False,Healthy Stock,Fast Moving,0.0,0.0,0.0,0.0,LOW,2026-05-02,0.0,0.0,Stock 18; daily planning demand 7.14; lead 1 days; safety 5; failed replenishments 0
38397,2026-04-30,7,37,20,1,0,4,17,4,0,6.857142857142857,3.6889653845577905,191,14.392857142857142,0.03571428571428571,0,5.142857142857143,SC-0037,Breakfast pack 10,1,1,2,1,102.0,83.64,10,Morning Mill,2,-1.7142857142857135,6.857142857142857,9.0,23.0,71.0,54,2.479166666666667,13.270471464019852,1421.88,0.0,0.0,False,Low Stock,Fast Moving,0.0,0.0,0.0,25.2,MEDIUM,2026-05-02,0.0,0.0,Stock 17; daily planning demand 6.86; lead 2 days; safety 9; failed replenishments 0
38398,2026-04-30,7,38,8,4,0,10,2,10,0,5.821428571428571,3.322800820242659,163,15.0,0.0,1,8.714285714285714,SC-0038,Pantry pack 10,2,2,0,2,220.0,143.0,120,Grain Yard,3,2.8928571428571423,8.714285714285714,10.0,37.0,98.0,96,0.34355828220858897,10.866666666666667,286.0,0.0,0.0,False,Low Stock,Fast Moving,0.0,0.0,0.0,94.5,CRITICAL,2026-04-30,5311.428571428571,1858.9999999999998,Stock 2; daily planning demand 8.71; lead 3 days; safety 10; failed replenishments 1
38399,2026-04-30,7,39,0,13,0,9,4,9,0,5.535714285714286,3.225846347252866,153,14.285714285714286,0.03571428571428571,0,7.857142857142857,SC-0039,Home care pack 10,3,3,1,3,608.0,346.56,365,Everyday Works,5,2.321428571428571,7.857142857142857,12.0,52.0,107.0,103,0.7225806451612904,10.709999999999999,1386.24,0.0,0.0,False,Low Stock,Fast Moving,0.0,0.0,0.0,92.2,CRITICAL,2026-04-30,21453.714285714286,9225.097142857143,Stock 4; daily planning demand 7.86; lead 5 days; safety 12; failed replenishments 0
